class,precision_macro,precision_micro,precision_weighted,recall_macro,recall_micro,recall_weighted,f1_macro,f1_micro,f1_weighted,matthews,roc_auc
428,0.8142810050545748,0.8108108108108109,0.8136885328666151,0.8096535546734032,0.8108108108108109,0.8108108108108109,0.8098229583095373,0.8108108108108109,0.8101110819557421,0.6239173996018346,0.809653554673403
514,0.8865700593336376,0.8870151770657673,0.8870421538980175,0.8867200876652284,0.8870151770657673,0.8870151770657673,0.8866425292373885,0.8870151770657673,0.8870261372960138,0.7732901324451434,0.8867200876652285
73,0.8349216959511077,0.8244111349036403,0.8334524777401714,0.8218887665198238,0.8244111349036403,0.8244111349036403,0.8221200297287254,0.8244111349036403,0.8226819989225724,0.6566811451242666,0.8218887665198238
524,0.8729895303846446,0.8666666666666667,0.871517082669499,0.8642838618850031,0.8666666666666667,0.8666666666666667,0.865406162464986,0.8666666666666667,0.8658823529411764,0.7372219925400815,0.864283861885003
427,0.7965242658149232,0.7797752808988764,0.7928722315099205,0.7711883317104835,0.7797752808988764,0.7797752808988764,0.7722287218484938,0.7797752808988764,0.7749305763233221,0.567146968458882,0.7711883317104836
264,0.82715819456617,0.8171557562076749,0.8234820847421077,0.8072325102880658,0.8171557562076749,0.8171557562076749,0.8109918935575114,0.8171557562076749,0.8143049697319743,0.634077703054999,0.8072325102880659
525,0.868315115969075,0.8564231738035264,0.8654446471704942,0.8516110149648783,0.8564231738035264,0.8564231738035264,0.8537167163349344,0.8564231738035264,0.8547692275727202,0.7197323162198382,0.8516110149648783
423,0.8643644957983193,0.8578680203045685,0.864123885594847,0.8575293753865183,0.8578680203045685,0.8578680203045685,0.8571465568590889,0.8578680203045685,0.8571980899623374,0.7218615119142917,0.8575293753865183
252,0.7841781874039938,0.7797927461139896,0.7826779048574134,0.7744066882416396,0.7797927461139896,0.7797927461139896,0.7758803237815499,0.7797927461139896,0.7778748920294604,0.5584994011672421,0.7744066882416397
29,0.8035714285714286,0.7941176470588235,0.8002347998022739,0.7836195699235099,0.7941176470588235,0.7941176470588235,0.7868630425933465,0.7941176470588235,0.7906480536188127,0.58685193366809,0.7836195699235098
137,0.8076004058786946,0.8,0.8049491015024058,0.7920745920745921,0.8,0.8,0.7946703000728794,0.8000000000000002,0.7974270414144936,0.5994739796488208,0.7920745920745922
156,0.7746723996723996,0.7655367231638418,0.7722362192701175,0.7581048581048581,0.7655367231638418,0.7655367231638418,0.7592961242596279,0.7655367231638418,0.7619237448508758,0.5325195986731966,0.758104858104858
250,0.7658450704225352,0.7627118644067796,0.7646813081881118,0.7568356867779205,0.7627118644067796,0.7627118644067796,0.7582674860989171,0.7627118644067796,0.7606748576823427,0.5226031046157168,0.7568356867779203
546,0.8570164668496316,0.8588588588588588,0.8645535250691975,0.8632605820105821,0.8588588588588588,0.8588588588588588,0.8578538667635438,0.8588588588588588,0.8594690326310144,0.720249983089646,0.863260582010582
548,0.8420765623295888,0.8433734939759037,0.8448557015716919,0.8442793897039991,0.8433734939759037,0.8433734939759037,0.8426827045744487,0.8433734939759037,0.8436246901218872,0.6863524170886932,0.8442793897039991
210,0.8507274601901706,0.8433734939759037,0.8477461225357381,0.8360469796202115,0.8433734939759037,0.8433734939759037,0.8394345238095238,0.8433734939759037,0.8417070065978198,0.6866175170115449,0.8360469796202115
257,0.8696725357906862,0.8641975308641975,0.8664373056068518,0.8514549436795995,0.8641975308641975,0.8641975308641975,0.8575482633198769,0.8641975308641975,0.8624877192099436,0.7208973304048514,0.8514549436795996
60,0.8724274628879892,0.8633540372670807,0.8676011726641017,0.849106578115117,0.8633540372670807,0.8633540372670807,0.8561624365482234,0.8633540372670807,0.8611566037140966,0.721157062407131,0.849106578115117
528,0.8217387638080782,0.8150470219435737,0.8187556981576366,0.8040481313252053,0.8150470219435737,0.8150470219435737,0.8082639744908875,0.8150470219435737,0.8124468537533774,0.6255367931967799,0.8040481313252051
544,0.8116976893453145,0.8132911392405063,0.8162124640483579,0.8148936170212766,0.8132911392405063,0.8132911392405063,0.8122967571757931,0.8132911392405063,0.8137667132714561,0.6265831559022962,0.8148936170212766
52,0.8739525874773675,0.8694267515923567,0.8716896695348622,0.8636177530298068,0.8694267515923567,0.8694267515923567,0.8666887574944859,0.8694267515923567,0.8685140868930664,0.7374979311108679,0.8636177530298067
568,0.8502633889376646,0.8519736842105263,0.8518786678064786,0.8497260574183652,0.8519736842105263,0.8519736842105263,0.8499851959074909,0.8519736842105264,0.8519168702590111,0.6999892401206317,0.8497260574183652
340,0.8464541464541464,0.8311258278145696,0.8451016477506543,0.8290189540189541,0.8311258278145696,0.8311258278145696,0.8285523459676073,0.8311258278145697,0.8289696673481958,0.6752480459264514,0.8290189540189541
560,0.8087797619047619,0.8040540540540541,0.8083071911196911,0.8031963470319634,0.8040540540540541,0.8040540540540541,0.8029656153881468,0.804054054054054,0.8031635133274027,0.6119506380319355,0.8031963470319635
549,0.8531539147996806,0.8527397260273972,0.8531539147996806,0.8527397260273972,0.8527397260273972,0.8527397260273972,0.8526965356233649,0.8527397260273972,0.8526965356233648,0.7058935193127703,0.8527397260273973
327,0.8934159061277706,0.8850174216027874,0.8912751159547356,0.8817761557177616,0.8850174216027874,0.8850174216027874,0.8835699797160244,0.8850174216027874,0.8841580029825218,0.7751046696793407,0.8817761557177616
123,0.8653000353874931,0.8617021276595744,0.8678185707970361,0.8643606292860024,0.8617021276595744,0.8617021276595744,0.8616864742501416,0.8617021276595744,0.8616134250061209,0.7296600599511691,0.8643606292860023
430,0.8354714912280701,0.8284671532846716,0.8342533454987834,0.8262944595531381,0.8284671532846716,0.8284671532846716,0.8267852098941451,0.8284671532846716,0.8272835634913382,0.6617023165313796,0.8262944595531381
422,0.7803571428571429,0.7692307692307693,0.7787676609105181,0.765715667311412,0.7692307692307693,0.7692307692307693,0.7651468600221212,0.7692307692307693,0.7661678373242831,0.5458764889599352,0.765715667311412
414,0.8523042273042274,0.850187265917603,0.8511281376449916,0.8453243518623345,0.850187265917603,0.850187265917603,0.847567937885362,0.850187265917603,0.8494388864798199,0.6975936609579902,0.8453243518623346
426,0.7761379800853485,0.7709923664122137,0.7764406632425916,0.7715034965034966,0.7709923664122137,0.7709923664122137,0.7701351114230567,0.7709923664122138,0.7700279545494122,0.5476218662931019,0.7715034965034966
562,0.8803161006213429,0.875968992248062,0.8868367631812641,0.8821603927986906,0.875968992248062,0.875968992248062,0.8759391717256717,0.875968992248062,0.8761180948600135,0.7624742629128376,0.8821603927986906
425,0.8551143425304499,0.8482490272373541,0.8539422155291897,0.8463333333333334,0.8482490272373541,0.8482490272373541,0.8469139950819422,0.848249027237354,0.847303379460604,0.7013927115761778,0.8463333333333333
219,0.7814852150537634,0.7549407114624506,0.7866356411237196,0.762437343358396,0.7549407114624506,0.7549407114624506,0.752117572692794,0.7549407114624506,0.7507582836555519,0.5435889330491431,0.7624373433583961
280,0.826427886590878,0.8137651821862348,0.825683021625899,0.8125573770491803,0.8137651821862348,0.8137651821862348,0.8115129396151295,0.8137651821862348,0.8117631887896967,0.6388347017141511,0.8125573770491803
74,0.7936944561997461,0.7800829875518672,0.8014198843512449,0.7889659958362248,0.7800829875518672,0.7800829875518672,0.7798403916093559,0.7800829875518672,0.7792035772602636,0.5826412652991141,0.7889659958362248
359,0.842546926757453,0.8235294117647058,0.8473013055056399,0.8294513274336284,0.8235294117647058,0.8235294117647058,0.8225142045454545,0.8235294117647058,0.8218373997326203,0.6718706415034155,0.8294513274336283
564,0.8712529976019185,0.8553191489361702,0.8745879891831216,0.859350065283621,0.8553191489361702,0.8553191489361702,0.8545580311635357,0.8553191489361702,0.8541550864603763,0.7305060955939776,0.859350065283621
361,0.8071928071928072,0.7863247863247863,0.8120085043161966,0.7927927927927928,0.7863247863247863,0.7863247863247863,0.7847523732430643,0.7863247863247863,0.7838089253940309,0.5998127706004264,0.7927927927927928
502,0.8666008685353337,0.8333333333333334,0.8717989209106461,0.8397980093676816,0.8333333333333334,0.8333333333333334,0.8310844577711145,0.8333333333333334,0.8302515408962187,0.7058902049490968,0.8397980093676816
526,0.839731729879741,0.8197424892703863,0.8442191104246982,0.8254319893664156,0.8197424892703863,0.8197424892703863,0.8185358255451713,0.8197424892703864,0.8178372307568891,0.6650099930246397,0.8254319893664156
222,0.827218045112782,0.8197424892703863,0.8278976410984543,0.8207074428887251,0.8197424892703863,0.8197424892703863,0.8189923054158035,0.8197424892703864,0.818842268644887,0.6478927766696209,0.8207074428887252
324,0.8786384976525822,0.8663793103448276,0.8753379472235714,0.8609308570149922,0.8663793103448276,0.8663793103448276,0.8636199867260832,0.8663793103448276,0.8647906088673687,0.7393573356817813,0.8609308570149923
106,0.8542430912203473,0.8333333333333334,0.8550175266976441,0.8343978453251251,0.8333333333333334,0.8333333333333334,0.8311374444531068,0.8333333333333334,0.8309685299238587,0.6883549271281374,0.8343978453251252
206,0.857843137254902,0.8552036199095022,0.8583089344335019,0.8557912844036697,0.8552036199095022,0.8552036199095022,0.8550582062633219,0.8552036199095022,0.8549958861292445,0.7136314718927698,0.8557912844036697
248,0.805054945054945,0.7916666666666666,0.8113553113553112,0.7991379310344828,0.7916666666666666,0.7916666666666666,0.7913043478260868,0.7916666666666666,0.7906602254428341,0.6041639019854599,0.7991379310344827
204,0.7912788533134774,0.7627906976744186,0.7977761519679994,0.7717995483758903,0.7627906976744186,0.7627906976744186,0.760280710959533,0.7627906976744185,0.7587975369916461,0.5627413643301878,0.7717995483758902
220,0.8439019996397046,0.8403755868544601,0.8426506918771984,0.8375176803394626,0.8403755868544601,0.8403755868544601,0.8388087606837606,0.8403755868544601,0.839629479154127,0.6813897715184629,0.8375176803394626
424,0.8418300653594771,0.8293838862559242,0.8415265000154881,0.8289308176100629,0.8293838862559242,0.8293838862559242,0.8276769509981852,0.8293838862559242,0.8277582336295061,0.670636840271675,0.8289308176100629
242,0.8535625120030728,0.8325358851674641,0.8577678373701945,0.8377981651376147,0.8325358851674641,0.8325358851674641,0.8312844523375694,0.8325358851674641,0.8306587359226221,0.691180925130559,0.8377981651376145
558,0.8681953945466807,0.8627450980392157,0.8889065212750482,0.88051379069999,0.8627450980392157,0.8627450980392157,0.8620956059874458,0.8627450980392157,0.8638585129851072,0.7486078420568034,0.8805137906999901
540,0.8634015594541911,0.8620689655172413,0.8632990522282719,0.8619200155309649,0.8620689655172413,0.8620689655172413,0.861904761904762,0.8620689655172413,0.8619282195636876,0.7253200618806506,0.8619200155309648
148,0.7811591192355629,0.7688442211055276,0.7852640852789081,0.7742654508611956,0.7688442211055276,0.7688442211055276,0.7681357649442755,0.7688442211055276,0.7674273087830233,0.5553817879652818,0.7742654508611957
439,0.8500590318772137,0.8282828282828283,0.8540183416216474,0.8333163004598876,0.8282828282828283,0.8282828282828283,0.8268518518518517,0.8282828282828283,0.8262158623269734,0.6831702026519679,0.8333163004598876
200,0.8679691799669785,0.8505154639175257,0.8728174344251598,0.8562446717817562,0.8505154639175257,0.8505154639175257,0.8498411935836869,0.8505154639175259,0.8493225240961187,0.7241189397968768,0.8562446717817562
356,0.8384925201380897,0.8306878306878307,0.8377372276106454,0.8294690860215054,0.8306878306878307,0.8306878306878307,0.829306841273425,0.8306878306878307,0.8295505452877318,0.6679006549929785,0.8294690860215054
348,0.8613086770981508,0.8404255319148937,0.8654853061348022,0.8455782312925171,0.8404255319148937,0.8404255319148937,0.8392612859097127,0.8404255319148938,0.8386791629071223,0.7067118608944329,0.8455782312925171
198,0.8783730419902593,0.8651685393258427,0.8769058750275462,0.8630794492863458,0.8651685393258427,0.8651685393258427,0.8634445723053318,0.8651685393258428,0.863789365709434,0.7412947476156101,0.8630794492863461
435,0.8388235294117647,0.8305084745762712,0.8391314944056717,0.830949948927477,0.8305084745762712,0.8305084745762712,0.8295892169448009,0.8305084745762712,0.8295185048193032,0.6697271974595358,0.8309499489274772
188,0.8607503607503607,0.8579545454545454,0.8597337006427914,0.8558488612836439,0.8579545454545454,0.8579545454545454,0.8569152222691945,0.8579545454545454,0.8574695279680483,0.7165824588438643,0.8558488612836439
239,0.8319039451114922,0.813953488372093,0.8319039451114922,0.813953488372093,0.813953488372093,0.813953488372093,0.8114035087719298,0.8139534883720931,0.8114035087719299,0.645607934809394,0.8139534883720929
174,0.8337484433374844,0.8313953488372093,0.8326623997219729,0.8277173913043478,0.8313953488372093,0.8313953488372093,0.8293125278034426,0.8313953488372093,0.8306279937195057,0.6614383393860606,0.827717391304348
310,0.8222588978185993,0.8128654970760234,0.8199740165568916,0.8080246913580247,0.8128654970760234,0.8128654970760234,0.8094176650877682,0.8128654970760234,0.8107668167353462,0.6301228373514208,0.8080246913580247
165,0.7714084507042254,0.7660818713450293,0.7704900749526399,0.7638280394304491,0.7660818713450293,0.7660818713450293,0.7637468914064659,0.7660818713450293,0.7644336502119258,0.5351828077737605,0.7638280394304491
313,0.8442941542288557,0.8404907975460123,0.8425892012330981,0.835530303030303,0.8404907975460123,0.8404907975460123,0.8377985303123086,0.8404907975460123,0.8394651719331726,0.6797679660000752,0.835530303030303
72,0.7478483945713339,0.7300613496932515,0.7460333899919378,0.7256630500301386,0.7300613496932515,0.7300613496932515,0.7224458204334365,0.7300613496932515,0.7238561036296985,0.47299143613406147,0.7256630500301386
987,0.8453416149068322,0.845679012345679,0.8455869948623572,0.8423118362321071,0.845679012345679,0.845679012345679,0.8435266391067496,0.845679012345679,0.8453391639395322,0.6876467765535412,0.842311836232107
83,0.8436274509803922,0.8333333333333334,0.8397058823529412,0.8236878559335078,0.8333333333333334,0.8333333333333334,0.8278156123292525,0.8333333333333334,0.830859872193573,0.6670173396478976,0.8236878559335078
251,0.8656462585034014,0.8571428571428571,0.8624878522837707,0.8506523765144455,0.8571428571428571,0.8571428571428571,0.8538962319984218,0.8571428571428571,0.8556548206183242,0.7161416885165475,0.8506523765144454
8,0.8582621082621082,0.8544303797468354,0.8558098020123337,0.8361737677527151,0.8544303797468354,0.8544303797468354,0.8439204569857837,0.8544303797468354,0.8521233235309948,0.6940844985374737,0.8361737677527151
180,0.8196943972835313,0.8089171974522293,0.8180614882181826,0.8058804418453541,0.8089171974522293,0.8089171974522293,0.8060770750988142,0.8089171974522293,0.806824475718134,0.625422300518844,0.8058804418453541
101,0.8428597854236034,0.8152866242038217,0.8363424927716551,0.802859477124183,0.8152866242038217,0.8152866242038217,0.8061975907717192,0.8152866242038217,0.8096728094369348,0.6444791240693591,0.8028594771241829
403,0.8049073438572409,0.8012820512820513,0.8033212783555955,0.7944490472245236,0.8012820512820513,0.8012820512820513,0.7968664678455917,0.8012820512820514,0.7995542142851758,0.5992651396185992,0.7944490472245236
604,0.7948972232239453,0.7712418300653595,0.8023317753595007,0.7809172105805565,0.7712418300653595,0.7712418300653595,0.7698259187620891,0.7712418300653595,0.7685280000674244,0.5756447006827123,0.7809172105805565
417,0.8673469387755102,0.8367346938775511,0.8617242815493543,0.8277591973244147,0.8367346938775511,0.8367346938775511,0.8301232665639445,0.8367346938775511,0.8321750888336844,0.6939779183594883,0.8277591973244147
62,0.8050567595459237,0.7876712328767124,0.8011055034847393,0.778657616892911,0.7876712328767124,0.7876712328767124,0.7801525234371205,0.7876712328767124,0.7829372306369694,0.5831171053301073,0.7786576168929109
15,0.8471628449280995,0.8413793103448276,0.8463366257019178,0.8400266463646745,0.8413793103448276,0.8413793103448276,0.840285426943154,0.8413793103448276,0.8405588977935724,0.6871524369550652,0.8400266463646745
396,0.8129629629629629,0.7986111111111112,0.810570987654321,0.7939130434782609,0.7986111111111112,0.7986111111111112,0.7942350332594235,0.7986111111111112,0.7954853412170484,0.6065769429855331,0.7939130434782609
205,0.8107416879795396,0.7902097902097902,0.808237798007619,0.7855464159811987,0.7902097902097902,0.7902097902097902,0.7846385542168675,0.7902097902097902,0.7858496924761984,0.5957555716852523,0.7855464159811986
360,0.8452380952380953,0.8357142857142857,0.8431972789115647,0.8320384379472501,0.8357142857142857,0.8357142857142857,0.8332556573973384,0.8357142857142857,0.8341234085680257,0.6771478948139501,0.8320384379472501
315,0.8924342105263158,0.8832116788321168,0.8912312716096812,0.8815565031982943,0.8832116788321168,0.8832116788321168,0.8821505376344086,0.8832116788321168,0.8823954163723413,0.7739142720064137,0.8815565031982943
438,0.851887243191591,0.8175182481751825,0.8495959768571637,0.8140724946695096,0.8175182481751825,0.8175182481751825,0.8117407794206564,0.8175182481751826,0.8124629630149721,0.6648852662273677,0.8140724946695096
318,0.8300290774517578,0.7794117647058824,0.8247928037194259,0.7705308775731311,0.7794117647058824,0.7794117647058824,0.7664835164835164,0.7794117647058824,0.76890756302521,0.5976054081002778,0.7705308775731311
244,0.7666666666666666,0.7647058823529411,0.7661764705882353,0.7632034632034632,0.7647058823529411,0.7647058823529411,0.7634268319199826,0.7647058823529412,0.7639384520931661,0.5298588120908821,0.7632034632034632
53,0.822914298704251,0.8088235294117647,0.8219749140847519,0.8072680077871512,0.8088235294117647,0.8088235294117647,0.806140350877193,0.8088235294117648,0.8064757481940146,0.6299880419463222,0.8072680077871512
166,0.8544141625902633,0.835820895522388,0.8570703435999597,0.8392419175027871,0.835820895522388,0.835820895522388,0.8344935998203458,0.835820895522388,0.834051167919665,0.6934901300156058,0.8392419175027871
208,0.853937728937729,0.835820895522388,0.8654666229293095,0.8481981981981982,0.835820895522388,0.835820895522388,0.8356744704570791,0.835820895522388,0.835161982728498,0.7021124681715302,0.8481981981981982
976,0.7851724137931034,0.7819548872180451,0.7846046149857401,0.7806561085972851,0.7819548872180451,0.7819548872180451,0.78071521973961,0.7819548872180451,0.7810871199831405,0.5658104980802924,0.7806561085972852
75,0.8392857142857142,0.8181818181818182,0.836940836940837,0.8143382352941176,0.8181818181818182,0.8181818181818182,0.8139097744360901,0.8181818181818182,0.8147641831852358,0.6531476791326005,0.8143382352941176
523,0.7738095238095238,0.7575757575757576,0.7720057720057719,0.7536764705882353,0.7575757575757576,0.7575757575757576,0.7518796992481203,0.7575757575757576,0.7530189109136477,0.5271016357912215,0.7536764705882353
521,0.8154236835070836,0.7923076923076923,0.8101700491435856,0.780952380952381,0.7923076923076923,0.7923076923076923,0.7829447776884546,0.7923076923076923,0.7864125238437277,0.5953789881750461,0.7809523809523808
114,0.8347302252488213,0.8372093023255814,0.8365392814940247,0.8212669683257918,0.8372093023255814,0.8372093023255814,0.8265351860152397,0.8372093023255814,0.8355414716520905,0.6558590234881221,0.8212669683257919
285,0.8424603174603175,0.8217054263565892,0.837670727205611,0.8126811594202898,0.8217054263565892,0.8217054263565892,0.8153127917833799,0.8217054263565892,0.8177100297483333,0.6544643278863489,0.8126811594202898
24,0.8747198007471979,0.875,0.8749377334993773,0.8717568569310601,0.875,0.875,0.873015873015873,0.875,0.8747519841269841,0.7464707773399074,0.87175685693106
585,0.8822584630590561,0.8828125,0.8827333518655794,0.8810344827586207,0.8828125,0.8828125,0.8815911193339501,0.8828125,0.882718547641073,0.7632919644587194,0.8810344827586206
379,0.8838107098381071,0.8828125,0.8831452366127024,0.8795566502463055,0.8828125,0.8828125,0.8811807661365183,0.8828125,0.8824861532273036,0.7633555065755632,0.8795566502463055
405,0.8233665559246954,0.8188976377952756,0.8208596018520941,0.7994871794871794,0.8188976377952756,0.8188976377952756,0.8066203243958954,0.8188976377952756,0.8154446434017001,0.6223958154562749,0.7994871794871795
126,0.8840277777777779,0.864,0.8788777777777778,0.8557642820380855,0.864,0.864,0.8596525989036392,0.864,0.8614310811703323,0.7392519642010903,0.8557642820380855
118,0.7398373983739838,0.7096774193548387,0.7428533962758983,0.7151041666666667,0.7096774193548387,0.7096774193548387,0.7034281158650013,0.7096774193548389,0.7020393817561484,0.4542687473852329,0.7151041666666667
261,0.7869318181818181,0.7580645161290323,0.7901392961876832,0.7630208333333333,0.7580645161290323,0.7580645161290323,0.753968253968254,0.7580645161290323,0.7529441884280594,0.5494326016101713,0.7630208333333333
455,0.89625,0.8780487804878049,0.8955758807588076,0.877181385510312,0.8780487804878049,0.8780487804878049,0.8764481350030133,0.8780487804878049,0.8765624668233556,0.7731962855794411,0.877181385510312
333,0.897978436657682,0.8943089430894309,0.8964674687178139,0.8916445623342175,0.8943089430894309,0.8943089430894309,0.8932932932932933,0.8943089430894309,0.8938857556743735,0.7895975953439928,0.8916445623342175
342,0.9266666666666667,0.9098360655737705,0.9230601092896176,0.9051724137931034,0.9098360655737705,0.9098360655737705,0.9080507022953066,0.9098360655737705,0.9086808305112349,0.8315613344026785,0.9051724137931034
376,0.7515090543259557,0.7583333333333333,0.7577129443326627,0.75,0.7583333333333333,0.7583333333333333,0.7506984741027295,0.7583333333333333,0.7579697686080666,0.5015067839281496,0.75
510,0.8545454545454545,0.8403361344537815,0.8504201680672269,0.8323863636363636,0.8403361344537815,0.8403361344537815,0.8356950802993969,0.8403361344537815,0.83778355466887,0.6865743204640421,0.8323863636363636
399,0.8709217611656637,0.8389830508474576,0.8691473883702078,0.8364942528735633,0.8389830508474576,0.8389830508474576,0.8346973383469733,0.8389830508474576,0.8351484659786034,0.7065777831151676,0.8364942528735633
91,0.8828571428571428,0.8632478632478633,0.8775091575091575,0.8544973544973544,0.8632478632478633,0.8632478632478633,0.8586956521739131,0.8632478632478633,0.8606465997770345,0.7368089149658081,0.8544973544973544
429,0.8425120772946859,0.8421052631578947,0.8422408678701586,0.8339089481946624,0.8421052631578947,0.8421052631578947,0.8370911400444585,0.8421052631578947,0.8411024385352074,0.6763663133936744,0.8339089481946624
384,0.8611308677098151,0.831858407079646,0.8543756844874683,0.8201450189155107,0.831858407079646,0.831858407079646,0.8239153612728616,0.831858407079646,0.8268940034504058,0.6800419059850167,0.8201450189155107
65,0.8261904761904761,0.8125,0.8232568027210885,0.8066837224176526,0.8125,0.8125,0.808078335373317,0.8125,0.8096389228886167,0.6325735038879892,0.8066837224176528
504,0.8896761133603239,0.8899082568807339,0.8899082568807339,0.8896761133603239,0.8899082568807339,0.8899082568807339,0.8896761133603239,0.8899082568807339,0.8899082568807339,0.7793522267206477,0.8896761133603239
164,0.7981818181818182,0.7314814814814815,0.8172390572390573,0.75625,0.7314814814814815,0.7314814814814815,0.7261998426435877,0.7314814814814816,0.7219745315732727,0.5528438872198584,0.7562499999999999
273,0.8324854651162791,0.822429906542056,0.8310489567485331,0.8199300699300699,0.822429906542056,0.822429906542056,0.8201680672268907,0.822429906542056,0.8207335270556819,0.6522947128572575,0.81993006993007
192,0.9128731343283583,0.897196261682243,0.9076475101129865,0.8893384940182969,0.897196261682243,0.897196261682243,0.8942022471910112,0.897196261682243,0.895699254436627,0.8018663338487706,0.889338494018297
968,0.8348214285714286,0.8301886792452831,0.8327156334231806,0.8232758620689655,0.8301886792452831,0.8301886792452831,0.8262295081967213,0.8301886792452831,0.8287039901020724,0.6579960059471217,0.8232758620689655
436,0.7554838709677419,0.7075471698113207,0.7576628119293974,0.7115384615384616,0.7075471698113207,0.7075471698113207,0.6955998147290412,0.7075471698113207,0.6944619713878718,0.46495016942638895,0.7115384615384616
138,0.8432062966031483,0.819047619047619,0.8360239870596126,0.8039251650770359,0.819047619047619,0.819047619047619,0.8090726385300029,0.819047619047619,0.8136445046005769,0.6459381715012359,0.8039251650770358
229,0.9155145929339478,0.9038461538461539,0.913180905116389,0.9007407407407407,0.9038461538461539,0.9038461538461539,0.9025487256371814,0.9038461538461539,0.9029812017068388,0.8161216227032283,0.9007407407407408
415,0.8003472222222222,0.7596153846153846,0.7983106303418803,0.7560118386977432,0.7596153846153846,0.7596153846153846,0.7493975903614458,0.7596153846153846,0.7503707136237258,0.5545897388479913,0.7560118386977432
102,0.8434108527131783,0.8252427184466019,0.8551667042974335,0.837909992372235,0.8252427184466019,0.8252427184466019,0.8250943396226416,0.8252427184466019,0.8245502839347866,0.6812986382515461,0.837909992372235
271,0.7733193277310924,0.7281553398058253,0.788373990372848,0.7480930587337911,0.7281553398058253,0.7281553398058253,0.7250190694126621,0.7281553398058251,0.721882799019499,0.52080179733895,0.7480930587337911
40,0.8020030816640986,0.7864077669902912,0.8155190210480651,0.8003831417624521,0.7864077669902912,0.7864077669902912,0.7863876319758674,0.7864077669902912,0.7861258767883554,0.6023840452475624,0.8003831417624521
600,0.8147418210484825,0.803921568627451,0.8174468841537404,0.8074701578744705,0.803921568627451,0.803921568627451,0.8032407407407407,0.8039215686274509,0.8027868554829338,0.6221694862574836,0.8074701578744706
451,0.8138718173836699,0.7722772277227723,0.8201740279383515,0.7810534591194969,0.7722772277227723,0.7722772277227723,0.767816091954023,0.7722772277227723,0.7662228291794697,0.5940193936086714,0.7810534591194969
228,0.8055178652193578,0.76,0.8135504296698326,0.7711762344439984,0.76,0.76,0.7552019583843329,0.76,0.7531456548347613,0.575670684490897,0.7711762344439985
128,0.8168604651162791,0.8080808080808081,0.820237256283768,0.8121931260229132,0.8080808080808081,0.8080808080808081,0.8077669902912622,0.8080808080808081,0.8073747180543297,0.6290362759578352,0.8121931260229134
365,0.8273305084745763,0.8181818181818182,0.8258859784283513,0.8155637254901961,0.8181818181818182,0.8181818181818182,0.8159090909090909,0.8181818181818182,0.8165289256198348,0.642786542238829,0.8155637254901962
33,0.8091856060606061,0.7755102040816326,0.807204700061843,0.7720833333333332,0.7755102040816326,0.7755102040816326,0.7676724137931035,0.7755102040816326,0.7685432793807179,0.5800836157508901,0.7720833333333333
501,0.7918103448275862,0.7857142857142857,0.7904556650246305,0.7824363788068419,0.7857142857142857,0.7857142857142857,0.7829800695982283,0.7857142857142857,0.7839743300040675,0.5741702085322062,0.782436378806842
473,0.8766825879287885,0.875,0.8884607034303084,0.8847006651884701,0.875,0.875,0.8745098039215686,0.875,0.8756535947712418,0.7613410330229662,0.8847006651884699
330,0.822595281306715,0.8020833333333334,0.8287488656987296,0.8098039215686275,0.8020833333333334,0.8020833333333334,0.8010254172575542,0.8020833333333334,0.8001186320497435,0.6322698260342806,0.8098039215686275
297,0.8711080586080586,0.8526315789473684,0.8787160208212841,0.8611853832442068,0.8526315789473684,0.8526315789473684,0.8522222222222222,0.8526315789473685,0.8516491228070175,0.7322262119683103,0.8611853832442068
377,0.7851731601731602,0.7127659574468085,0.8080385926130607,0.742521859180856,0.7127659574468085,0.7127659574468085,0.7071651090342679,0.7127659574468085,0.7019950951149997,0.5259685351565236,0.742521859180856
55,0.7791767554479418,0.7446808510638298,0.7964247076399978,0.7653014265991717,0.7446808510638298,0.7446808510638298,0.7436363636363637,0.7446808510638298,0.7415473887814313,0.544301355844966,0.7653014265991717
556,0.8309386973180077,0.7978723404255319,0.8489748919866308,0.8179935572940635,0.7978723404255319,0.7978723404255319,0.7972988310066962,0.7978723404255319,0.7959224084014903,0.6488031245498641,0.8179935572940635
294,0.7954856361149111,0.7978723404255319,0.798469016503187,0.7967032967032968,0.7978723404255319,0.7978723404255319,0.7960022844089092,0.7978723404255319,0.7980801244273787,0.592187680938281,0.7967032967032968
134,0.7909140667761357,0.7391304347826086,0.8000523547749935,0.7522543901281442,0.7391304347826086,0.7391304347826086,0.732946298984035,0.7391304347826085,0.7302959550703605,0.5417909209069948,0.7522543901281442
375,0.9198717948717949,0.9120879120879121,0.9192730346576501,0.9113526570048309,0.9120879120879121,0.9120879120879121,0.9115646258503401,0.9120879120879121,0.9116393810271363,0.8311807948260117,0.9113526570048309
366,0.8148148148148149,0.8,0.808230452674897,0.773074961754207,0.8,0.8,0.7817887931034482,0.8000000000000002,0.7929956896551723,0.586406151111031,0.7730749617542071
57,0.9049145299145299,0.8977272727272727,0.9022193084693085,0.8933575505967826,0.8977272727272727,0.8977272727272727,0.8961038961038961,0.8977272727272727,0.8969893742621015,0.7981884180774038,0.8933575505967826
34,0.7620772946859904,0.6551724137931034,0.7725581653617636,0.6725874867444326,0.6551724137931034,0.6551724137931034,0.6292613636363638,0.6551724137931034,0.6236285266457682,0.4253528493974626,0.6725874867444326
368,0.8533934252386002,0.8505747126436781,0.8562121378335223,0.8533934252386002,0.8505747126436781,0.8505747126436781,0.8505747126436782,0.8505747126436781,0.8505747126436781,0.7067868504772005,0.8533934252386002
362,0.8011083743842364,0.7441860465116279,0.820082483675106,0.768092105263158,0.7441860465116279,0.7441860465116279,0.7406798245614036,0.7441860465116278,0.7371736026111791,0.5682421244541347,0.768092105263158
211,0.8607280750137893,0.8488372093023255,0.8666735078695211,0.8554347826086957,0.8488372093023255,0.8488372093023255,0.8486530391227833,0.8488372093023255,0.8482846987636988,0.7161432955027351,0.8554347826086957
99,0.8133333333333332,0.7529411764705882,0.8185098039215685,0.7605321507760532,0.7529411764705882,0.7529411764705882,0.7438656909169178,0.7529411764705881,0.7421640373756045,0.5714312110592606,0.7605321507760531
30,0.8242924528301887,0.8117647058823529,0.8213096559378468,0.8055555555555556,0.8117647058823529,0.8117647058823529,0.8072562358276644,0.8117647058823529,0.8089902627717753,0.6295692514314913,0.8055555555555554
374,0.7680311890838207,0.7380952380952381,0.7660354590179151,0.733976176971072,0.7380952380952381,0.7380952380952381,0.7282352941176471,0.7380952380952381,0.7294677871148461,0.5008509276455138,0.733976176971072
708,0.8125359401955147,0.8095238095238095,0.8119335140611736,0.8082813386273398,0.8095238095238095,0.8095238095238095,0.8085470085470086,0.8095238095238095,0.8088726088726089,0.6208026997770788,0.8082813386273398
331,0.8074866310160428,0.7857142857142857,0.8147440794499617,0.7948717948717949,0.7857142857142857,0.7857142857142857,0.7846153846153847,0.7857142857142857,0.7835164835164835,0.6022263188761575,0.7948717948717949
92,0.8234936092513694,0.7857142857142857,0.840666029040953,0.8056354226566993,0.7857142857142857,0.7857142857142857,0.7846153846153846,0.7857142857142857,0.7827838827838828,0.6288755234234623,0.8056354226566994
209,0.7476190476190476,0.7349397590361446,0.7544463568559955,0.7432748538011695,0.7349397590361446,0.7349397590361446,0.734593023255814,0.7349397590361445,0.7337839731017093,0.4908746789473202,0.7432748538011695
367,0.8548484848484849,0.8313253012048193,0.8645345016429354,0.8423976608187135,0.8313253012048193,0.8313253012048193,0.8307109557109558,0.8313253012048193,0.8298508720195467,0.6971349687318401,0.8423976608187135
241,0.9148484848484848,0.9036144578313253,0.9115443592552026,0.8988927738927739,0.9036144578313253,0.9036144578313253,0.9018912529550827,0.9036144578313253,0.9026745278988292,0.8135848151641634,0.8988927738927739
446,0.8996969696969697,0.891566265060241,0.8963490324936109,0.8856725146198831,0.891566265060241,0.891566265060241,0.8892512972572275,0.891566265060241,0.8906016951423188,0.7852442559840282,0.8856725146198831
400,0.7700810611643331,0.7073170731707317,0.7770548376080666,0.7185450208706022,0.7073170731707317,0.7073170731707317,0.6957328385899815,0.7073170731707317,0.6928367799447939,0.4859006941707887,0.7185450208706022
307,0.7784645413142486,0.7439024390243902,0.7871050668867132,0.7559808612440191,0.7439024390243902,0.7439024390243902,0.7407797681770284,0.7439024390243903,0.7386979876121206,0.5339722581241167,0.7559808612440191
418,0.820054945054945,0.7682926829268293,0.8269565800053605,0.7778771615980918,0.7682926829268293,0.7682926829268293,0.7623188405797101,0.7682926829268293,0.7604807352421351,0.5964426533617506,0.7778771615980918
175,0.7996031746031746,0.7926829268292683,0.7964092140921409,0.7753799392097265,0.7926829268292683,0.7926829268292683,0.7809209492377809,0.7926829268292683,0.7883495666639835,0.5744726416784817,0.7753799392097265
431,0.8817857142857143,0.8518518518518519,0.8711640211640211,0.8319875776397516,0.8518518518518519,0.8518518518518519,0.8411764705882352,0.8518518518518519,0.8467683369644153,0.7120340285777824,0.8319875776397515
338,0.8450255102040816,0.8518518518518519,0.8518518518518519,0.8450255102040816,0.8518518518518519,0.8518518518518519,0.8450255102040816,0.8518518518518519,0.8518518518518519,0.6900510204081632,0.8450255102040816
235,0.8056092843326885,0.7875,0.8159574468085106,0.7992424242424242,0.7875,0.7875,0.7872007510561727,0.7875,0.7864027538726333,0.6048181978568636,0.7992424242424243
312,0.7677865612648221,0.759493670886076,0.768424475909341,0.760576923076923,0.759493670886076,0.759493670886076,0.7580983078162772,0.759493670886076,0.7578657473046441,0.5283142934872662,0.7605769230769233
100,0.8132411067193676,0.7974683544303798,0.8217341271826687,0.8071705426356589,0.7974683544303798,0.7974683544303798,0.7971758664955071,0.7974683544303798,0.7964933946474707,0.6203819492112339,0.8071705426356589
341,0.7688172043010753,0.7468354430379747,0.777868517762352,0.7583979328165374,0.7468354430379747,0.7468354430379747,0.7458172458172458,0.7468354430379747,0.7443917697082254,0.5271121698345379,0.7583979328165373
534,0.772938829787234,0.759493670886076,0.7756278615674658,0.7634788189987163,0.759493670886076,0.759493670886076,0.7580983078162773,0.759493670886076,0.7574006262813778,0.5363342261360245,0.7634788189987163
162,0.8282758620689655,0.810126582278481,0.825683107813182,0.8055198973042362,0.810126582278481,0.810126582278481,0.805642119074955,0.810126582278481,0.8067632348758365,0.6333871096470781,0.8055198973042362
432,0.7403846153846154,0.7051282051282052,0.7458086785009862,0.7142386288727752,0.7051282051282052,0.7051282051282052,0.6991447258091565,0.7051282051282052,0.6969689151476842,0.45387077633224826,0.7142386288727752
43,0.8142857142857143,0.782051282051282,0.8201465201465201,0.7900461437046803,0.782051282051282,0.782051282051282,0.7791104447776114,0.782051282051282,0.7778034059893131,0.6038455413432888,0.7900461437046804
335,0.8184625943719972,0.8076923076923077,0.817116308537036,0.8052631578947369,0.8076923076923077,0.8076923076923077,0.8050974512743627,0.8076923076923077,0.8056740860339061,0.6235860717794987,0.8052631578947368
4,0.82899366643209,0.8205128205128205,0.8256013280643821,0.8106312292358804,0.8205128205128205,0.8205128205128205,0.8145380434782609,0.8205128205128205,0.8179522017837235,0.6393612656851191,0.8106312292358803
96,0.7653061224489796,0.7402597402597403,0.7688841770474423,0.7459459459459459,0.7402597402597403,0.7402597402597403,0.7366621067031464,0.7402597402597403,0.7354628955176151,0.5108853697297085,0.7459459459459459
434,0.8494897959183674,0.8181818181818182,0.8539623641664458,0.8239864864864865,0.8181818181818182,0.8181818181818182,0.8156634746922025,0.8181818181818182,0.8148240268623306,0.6729932274324045,0.8239864864864866
355,0.8045454545454546,0.7402597402597403,0.8103896103896104,0.7489864864864866,0.7402597402597403,0.7402597402597403,0.7300140252454419,0.7402597402597403,0.7279648822425823,0.550736607472947,0.7489864864864865
411,0.8323863636363636,0.8157894736842105,0.8434509569377989,0.8277310924369747,0.8157894736842105,0.8157894736842105,0.8156618156618156,0.8157894736842104,0.8151511835722363,0.6601010409496383,0.8277310924369747
277,0.7523076923076923,0.7105263157894737,0.7662348178137651,0.7296918767507004,0.7105263157894737,0.7105263157894737,0.7072829131652661,0.7105263157894737,0.7040395105410585,0.481468700394084,0.7296918767507004
536,0.8473867595818816,0.8421052631578947,0.8526682560058684,0.8473867595818816,0.8421052631578947,0.8421052631578947,0.8421052631578947,0.8421052631578947,0.8421052631578947,0.6947735191637631,0.8473867595818816
70,0.8898176291793314,0.88,0.8851671732522797,0.8701298701298701,0.88,0.88,0.8756677104439123,0.88,0.8784527537299687,0.7596924337190144,0.8701298701298701
266,0.8829331046312179,0.8533333333333334,0.8705202973127503,0.8273460410557185,0.8533333333333334,0.8533333333333334,0.8395253841665047,0.8533333333333335,0.8476846268559943,0.7081006589185026,0.8273460410557185
378,0.8318181818181818,0.8,0.82,0.7675953079178885,0.8,0.8,0.7771836007130124,0.8000000000000002,0.7895424836601308,0.5959630476342985,0.7675953079178885
296,0.893928035982009,0.8933333333333333,0.8934732633683158,0.8852639296187683,0.8933333333333333,0.8933333333333333,0.8888888888888888,0.8933333333333333,0.8927407407407406,0.7791437945063346,0.8852639296187683
56,0.8333333333333334,0.8266666666666667,0.8311111111111111,0.8214285714285714,0.8266666666666667,0.8266666666666667,0.8235294117647058,0.8266666666666667,0.8250980392156863,0.6546536707079772,0.8214285714285714
292,0.8377061469265368,0.84,0.8394602698650674,0.8302785923753666,0.84,0.84,0.8333333333333333,0.8399999999999999,0.839111111111111,0.6679434432447264,0.8302785923753665
5,0.8200000000000001,0.8133333333333334,0.8165333333333333,0.7932551319648093,0.8133333333333334,0.8133333333333334,0.8005319148936171,0.8133333333333334,0.8092907801418441,0.6126716648539868,0.7932551319648095
416,0.8222222222222222,0.8266666666666667,0.8260740740740742,0.8189149560117301,0.8266666666666667,0.8266666666666667,0.8204089150856512,0.8266666666666667,0.8262196844108799,0.6411286480138038,0.8189149560117303
226,0.7924242424242425,0.7972972972972973,0.7966011466011467,0.7895723930982745,0.7972972972972973,0.7972972972972973,0.7908422837761447,0.7972972972972974,0.7968007577956702,0.5819896482884824,0.7895723930982746
345,0.8447826086956521,0.8356164383561644,0.8396902918403811,0.8107366771159874,0.8356164383561644,0.8356164383561644,0.820785597381342,0.8356164383561644,0.8313790552205009,0.6546345611208401,0.8107366771159874
141,0.761304347826087,0.7534246575342466,0.7580941036331149,0.7307987711213517,0.7534246575342466,0.7534246575342466,0.7355072463768116,0.7534246575342466,0.7458804844153266,0.491156685251976,0.7307987711213517
420,0.8541666666666667,0.8194444444444444,0.8512731481481483,0.8150579150579151,0.8194444444444444,0.8194444444444444,0.8133599202392822,0.8194444444444444,0.8142960008862301,0.6680808681080803,0.815057915057915
554,0.7638888888888888,0.7638888888888888,0.7642746913580247,0.7640926640926642,0.7638888888888888,0.7638888888888888,0.7638433339764615,0.763888888888889,0.7639344438013163,0.5279815136578919,0.7640926640926642
254,0.8471760797342193,0.8450704225352113,0.8459126854148145,0.8370967741935484,0.8450704225352113,0.8450704225352113,0.8405146007759853,0.8450704225352113,0.8439314670954047,0.6841986160628138,0.8370967741935483
530,0.8300653594771241,0.8285714285714286,0.834547152194211,0.8322368421052632,0.8285714285714286,0.8285714285714286,0.8284313725490196,0.8285714285714286,0.8288515406162464,0.6622986417652335,0.8322368421052632
363,0.8706293706293706,0.8571428571428571,0.8661338661338662,0.8486842105263157,0.8571428571428571,0.8571428571428571,0.8528174936921783,0.8571428571428571,0.8549801754175178,0.7189787465447568,0.8486842105263157
49,0.8375241779497098,0.8115942028985508,0.8302637849353852,0.7962648556876061,0.8115942028985508,0.8115942028985508,0.8008879023307436,0.8115942028985508,0.8055719088291591,0.6324446279994752,0.7962648556876061
347,0.8041586073500967,0.782608695652174,0.7981246320746784,0.7669779286926994,0.782608695652174,0.782608695652174,0.7702552719200887,0.782608695652174,0.775659894802876,0.569925030102679,0.7669779286926995
172,0.9333623693379791,0.927536231884058,0.9302252184012524,0.9223259762308998,0.927536231884058,0.927536231884058,0.9259815490238147,0.927536231884058,0.927069827025985,0.8556171706841742,0.9223259762309
215,0.8897922312556459,0.8823529411764706,0.8866039640788564,0.8761987794245858,0.8823529411764706,0.8823529411764706,0.8797524314765695,0.8823529411764706,0.8813127372965102,0.7658703849283112,0.8761987794245859
267,0.7795844625112918,0.7647058823529411,0.7817099739624846,0.767965367965368,0.7647058823529411,0.7647058823529411,0.7628596338273759,0.7647058823529412,0.7622442176521874,0.5474265370777632,0.767965367965368
370,0.8458498023715415,0.8235294117647058,0.838409672169263,0.8070175438596491,0.8235294117647058,0.8235294117647058,0.8131868131868132,0.8235294117647058,0.8183581124757594,0.6517114602903825,0.8070175438596492
493,0.8723404255319149,0.8208955223880597,0.8666243251825977,0.8125,0.8208955223880597,0.8208955223880597,0.8114446529080674,0.8208955223880597,0.8133348268040659,0.6822210286372692,0.8125
116,0.7513513513513514,0.746268656716418,0.7535296490520371,0.7491071428571429,0.746268656716418,0.746268656716418,0.7460423634336678,0.746268656716418,0.7457029235095426,0.5004534623255873,0.7491071428571429
381,0.8990990990990991,0.8955223880597015,0.8985881403791852,0.8948306595365418,0.8955223880597015,0.8955223880597015,0.8951486697965572,0.8955223880597015,0.8952420993623432,0.7939182842528241,0.894830659536542
552,0.7806267806267806,0.7878787878787878,0.7878787878787878,0.7806267806267806,0.7878787878787878,0.7878787878787878,0.7806267806267806,0.7878787878787878,0.7878787878787878,0.5612535612535613,0.7806267806267805
303,0.8746341463414634,0.8636363636363636,0.870509977827051,0.8555555555555556,0.8636363636363636,0.8636363636363636,0.8597402597402597,0.8636363636363636,0.8618654073199526,0.7299404140956173,0.8555555555555555
372,0.8988603988603989,0.8939393939393939,0.8963998963998965,0.8888888888888888,0.8939393939393939,0.8939393939393939,0.8919298245614036,0.8939393939393939,0.8932695374800638,0.7876861743984073,0.888888888888889
522,0.7952380952380952,0.7727272727272727,0.7896103896103897,0.7583333333333333,0.7727272727272727,0.7727272727272727,0.7603485838779955,0.7727272727272727,0.7653000594177064,0.5523398999523438,0.7583333333333333
181,0.8958333333333334,0.8787878787878788,0.8901515151515151,0.8694444444444445,0.8787878787878788,0.8787878787878788,0.8746438746438747,0.8787878787878788,0.8767158767158767,0.7648226616044426,0.8694444444444445
369,0.8871158392434988,0.8615384615384616,0.8738861611202037,0.8275,0.8615384615384616,0.8615384615384616,0.8436246992782679,0.8615384615384615,0.8558386280920363,0.7121248130833411,0.8275
119,0.7751716247139588,0.7692307692307693,0.7723112128146454,0.7371794871794872,0.7692307692307693,0.7692307692307693,0.7450980392156863,0.7692307692307693,0.7607843137254903,0.5109405634161495,0.7371794871794871
84,0.8590909090909091,0.84375,0.8514204545454547,0.819838056680162,0.84375,0.84375,0.8303287380699893,0.84375,0.8392762460233298,0.6777932975034471,0.819838056680162
323,0.8977272727272727,0.859375,0.8881392045454546,0.8448275862068966,0.859375,0.859375,0.8512012399896667,0.859375,0.8544707439938,0.7406681724583486,0.8448275862068966
2,0.8714285714285714,0.873015873015873,0.873015873015873,0.8714285714285714,0.873015873015873,0.873015873015873,0.8714285714285714,0.8730158730158731,0.873015873015873,0.7428571428571429,0.8714285714285714
606,0.811965811965812,0.8064516129032258,0.8108629721532947,0.8041666666666667,0.8064516129032258,0.8064516129032258,0.8046218487394958,0.8064516129032258,0.8052317701274059,0.6160831149758972,0.8041666666666667
249,0.8065774804905239,0.7903225806451613,0.8045456180098536,0.7864583333333333,0.7903225806451613,0.7903225806451613,0.7858091947913899,0.7903225806451614,0.7868121694255613,0.5926944376281863,0.7864583333333334
343,0.7774122807017544,0.7741935483870968,0.7760328239954726,0.7657563025210083,0.7741935483870968,0.7741935483870968,0.7681623931623931,0.7741935483870968,0.7717810862972152,0.5430435046779156,0.7657563025210086
66,0.8885172798216276,0.8709677419354839,0.8841298953500918,0.864158829676071,0.8709677419354839,0.8709677419354839,0.8675213675213675,0.8709677419354839,0.868899917287014,0.7522818565638135,0.864158829676071
16,0.8666666666666667,0.8548387096774194,0.8602150537634409,0.8329729729729729,0.8548387096774194,0.8548387096774194,0.8430379746835444,0.8548387096774194,0.8513679052674561,0.6988278474419579,0.832972972972973
700,0.7875,0.7666666666666667,0.7833333333333333,0.7566964285714286,0.7666666666666667,0.7666666666666667,0.7569444444444444,0.7666666666666667,0.7601851851851851,0.5433239299507642,0.7566964285714286
89,0.8657142857142857,0.85,0.872,0.8571428571428572,0.85,0.85,0.849624060150376,0.85,0.8491228070175438,0.7228063223242011,0.8571428571428572
95,0.8746612466124661,0.847457627118644,0.864016352027927,0.8252941176470588,0.847457627118644,0.847457627118644,0.8353488372093024,0.847457627118644,0.8421600315333072,0.6982122875840823,0.8252941176470587
442,0.9211764705882353,0.9152542372881356,0.9192023928215354,0.9124423963133641,0.9152542372881356,0.9152542372881356,0.9143686502177066,0.9152542372881356,0.9148114437529211,0.8335731108912208,0.9124423963133642
385,0.8452807646356033,0.8448275862068966,0.84505417542125,0.844047619047619,0.8448275862068966,0.8448275862068966,0.8444113263785396,0.8448275862068967,0.8446888329307775,0.6893272806898642,0.8440476190476189
516,0.8857142857142857,0.8596491228070176,0.8917293233082707,0.8666666666666667,0.8596491228070176,0.8596491228070176,0.858560794044665,0.8596491228070176,0.8579077967872535,0.7521398046336104,0.8666666666666667
508,0.9107142857142857,0.9122807017543859,0.9120718462823725,0.9032467532467532,0.9122807017543859,0.9122807017543859,0.9066491975106452,0.9122807017543859,0.9118784514512616,0.8139267835041308,0.9032467532467532
702,0.8926031294452347,0.875,0.8847795163584637,0.859375,0.875,0.875,0.8678800134816314,0.875,0.8722615436467812,0.7512436346336152,0.859375
260,0.8354838709677419,0.8392857142857143,0.8405529953917051,0.8385416666666667,0.8392857142857143,0.8392857142857143,0.8367346938775511,0.8392857142857143,0.8396501457725948,0.6740186015747764,0.8385416666666667
474,0.8160173160173161,0.7962962962962963,0.819304152637486,0.8008241758241759,0.7962962962962963,0.7962962962962963,0.7945347630577655,0.7962962962962963,0.7938301497623532,0.6166543558171861,0.8008241758241759
37,0.8855172413793103,0.8888888888888888,0.8922605363984675,0.8920056100981767,0.8888888888888888,0.8888888888888888,0.8875,0.8888888888888888,0.8893518518518518,0.7774957785358391,0.8920056100981768
48,0.8867647058823529,0.8703703703703703,0.8820806100217865,0.8627586206896551,0.8703703703703703,0.8703703703703703,0.8666666666666667,0.8703703703703703,0.868312757201646,0.7491387888430888,0.8627586206896553
28,0.7878787878787878,0.7169811320754716,0.7764436821040595,0.6910919540229885,0.7169811320754716,0.7169811320754716,0.6800804828973843,0.7169811320754716,0.6903306632246309,0.46908984255695413,0.6910919540229885
984,0.826625386996904,0.7924528301886793,0.8334598983585488,0.8014285714285714,0.7924528301886793,0.7924528301886793,0.7897583844212044,0.7924528301886793,0.788411161537467,0.6275483209913992,0.8014285714285714
221,0.771978021978022,0.6981132075471698,0.7808417997097242,0.7121428571428572,0.6981132075471698,0.6981132075471698,0.6845238095238095,0.6981132075471698,0.6808176100628932,0.48040897020134987,0.7121428571428572
433,0.8255131964809383,0.8113207547169812,0.8302440104022575,0.8171428571428572,0.8113207547169812,0.8113207547169812,0.8107142857142857,0.8113207547169812,0.8101078167115903,0.6426015411424689,0.8171428571428572
139,0.7990196078431373,0.7884615384615384,0.7950603318250378,0.7743628185907047,0.7884615384615384,0.7884615384615384,0.7785520712349981,0.7884615384615384,0.7839572351767473,0.5728520312322557,0.7743628185907047
346,0.8125,0.7884615384615384,0.8052884615384616,0.7698650674662668,0.7884615384615384,0.7884615384615384,0.7743589743589744,0.7884615384615384,0.7808678500986195,0.5808023194967747,0.7698650674662669
131,0.8472222222222222,0.7843137254901961,0.8502178649237473,0.7884615384615384,0.7843137254901961,0.7843137254901961,0.7756897241103559,0.7843137254901961,0.7748273239723719,0.6329621044272916,0.7884615384615384
112,0.8799342105263157,0.8627450980392157,0.8759674922600619,0.8564814814814814,0.8627450980392157,0.8627450980392157,0.8592826172644856,0.8627450980392157,0.8605810475550093,0.7360421461680523,0.8564814814814814
47,0.8056426332288402,0.803921568627451,0.8049050341139591,0.8009259259259259,0.803921568627451,0.803921568627451,0.8020186335403727,0.8039215686274509,0.8031603945926197,0.6065502202021755,0.8009259259259259
149,0.875,0.84,0.88,0.8461538461538461,0.84,0.84,0.8376623376623376,0.8399999999999999,0.8368831168831167,0.7205766921228921,0.8461538461538461
108,0.7476190476190476,0.7,0.7523809523809524,0.7083333333333333,0.7,0.7,0.6899545266639107,0.7,0.687722199255891,0.454256762579498,0.7083333333333333
236,0.8502673796791445,0.84,0.8451336898395723,0.8226600985221675,0.84,0.84,0.830220713073005,0.8399999999999999,0.8367402376910016,0.6723609365106636,0.8226600985221674
352,0.9264705882352942,0.9,0.9147058823529411,0.8809523809523809,0.9,0.9,0.8927498927498927,0.9,0.8972114972114972,0.8061389110926176,0.8809523809523809
269,0.8162878787878788,0.7959183673469388,0.8102968460111317,0.7811447811447811,0.7959183673469388,0.7959183673469388,0.7850877192982456,0.7959183673469388,0.7900107411385606,0.5963981437280477,0.7811447811447811
464,0.7958333333333334,0.7959183673469388,0.7959183673469388,0.7958333333333334,0.7959183673469388,0.7959183673469388,0.7958333333333334,0.7959183673469388,0.7959183673469388,0.5916666666666667,0.7958333333333334
408,0.7948717948717949,0.7346938775510204,0.792255363683935,0.73,0.7346938775510204,0.7346938775510204,0.717766947275144,0.7346938775510203,0.7191775247981337,0.520847435706514,0.73
81,0.8768382352941176,0.8571428571428571,0.8702731092436974,0.8451178451178452,0.8571428571428571,0.8571428571428571,0.8509343763581052,0.8571428571428571,0.8540386167504811,0.7212588986562797,0.845117845117845
182,0.7363636363636363,0.6875,0.7472222222222222,0.7045454545454546,0.6875,0.6875,0.6807095343680709,0.6875,0.6768292682926829,0.43975951354355725,0.7045454545454546
173,0.9055555555555556,0.8958333333333334,0.9006944444444445,0.8862433862433863,0.8958333333333334,0.8958333333333334,0.892037786774629,0.8958333333333334,0.8945681511470985,0.7915633925026991,0.8862433862433862
152,0.77988614800759,0.75,0.7841555977229602,0.7565217391304347,0.75,0.75,0.746031746031746,0.75,0.7447089947089948,0.5358988018102869,0.7565217391304349
454,0.8278388278388278,0.8297872340425532,0.8297872340425532,0.8278388278388278,0.8297872340425532,0.8297872340425532,0.8278388278388278,0.8297872340425532,0.8297872340425532,0.6556776556776557,0.8278388278388278
104,0.8450980392156863,0.851063829787234,0.8501460158531498,0.8371647509578544,0.851063829787234,0.851063829787234,0.840677966101695,0.8510638297872339,0.8501983411467724,0.6822166648454162,0.8371647509578544
299,0.9285714285714286,0.9130434782608695,0.9254658385093167,0.9090909090909092,0.9130434782608695,0.9130434782608695,0.9115384615384615,0.9130434782608695,0.9120401337792643,0.8374357893586237,0.9090909090909091
386,0.8100233100233101,0.7608695652173914,0.8051079355427183,0.7518939393939394,0.7608695652173914,0.7608695652173914,0.7463659147869675,0.7608695652173914,0.7490029421379536,0.5589024704390566,0.7518939393939393
336,0.7651072124756335,0.7608695652173914,0.764047800661073,0.7575757575757576,0.7608695652173914,0.7608695652173914,0.7580105212816834,0.7608695652173914,0.7591541388559666,0.5226287060321453,0.7575757575757577
337,0.8796296296296295,0.8666666666666667,0.8781893004115227,0.8646245059288538,0.8666666666666667,0.8666666666666667,0.865,0.8666666666666667,0.8653333333333333,0.7441028588566434,0.8646245059288538
392,0.787037037037037,0.7777777777777778,0.7860082304526748,0.775691699604743,0.7777777777777778,0.7777777777777778,0.7749999999999999,0.7777777777777778,0.7755555555555553,0.5626143566964865,0.775691699604743
110,0.8709677419354839,0.8222222222222222,0.868100358422939,0.8181818181818181,0.8222222222222222,0.8222222222222222,0.8148148148148149,0.8222222222222222,0.8156378600823045,0.6871249976993583,0.8181818181818181
122,0.7995689655172413,0.7777777777777778,0.7978927203065134,0.7747035573122529,0.7777777777777778,0.7777777777777778,0.7722672064777327,0.7777777777777778,0.7730544309491677,0.5737339470100679,0.7747035573122529
132,0.8796296296296295,0.8666666666666667,0.8781893004115227,0.8646245059288538,0.8666666666666667,0.8666666666666667,0.865,0.8666666666666667,0.8653333333333333,0.7441028588566434,0.8646245059288538
202,0.8333333333333333,0.8,0.8311111111111112,0.7964426877470356,0.8,0.8,0.7934727180010199,0.8000000000000002,0.7942886282508924,0.6286946134619315,0.7964426877470355
203,0.8125,0.7272727272727273,0.8295454545454546,0.75,0.7272727272727273,0.7272727272727273,0.717948717948718,0.7272727272727273,0.7132867132867133,0.5590169943749475,0.75
349,0.8708333333333333,0.8636363636363636,0.8780303030303028,0.8708333333333333,0.8636363636363636,0.8636363636363636,0.8636363636363635,0.8636363636363636,0.8636363636363636,0.7416666666666667,0.8708333333333333
224,0.7733990147783252,0.7441860465116279,0.7714514835605453,0.7402597402597402,0.7441860465116279,0.7441860465116279,0.735014005602241,0.7441860465116278,0.7361605107159143,0.5125886314693656,0.7402597402597402
326,0.9305882352941177,0.9285714285714286,0.9290756302521009,0.9236111111111112,0.9285714285714286,0.9285714285714286,0.926530612244898,0.9285714285714286,0.9282798833819241,0.8541708512570859,0.923611111111111
714,0.8407407407407408,0.8333333333333334,0.8370370370370369,0.8194444444444444,0.8333333333333334,0.8333333333333334,0.8253119429590017,0.8333333333333334,0.8306595365418894,0.659841607131634,0.8194444444444444
68,0.74375,0.7142857142857143,0.7357142857142857,0.6805555555555556,0.7142857142857143,0.7142857142857143,0.6785714285714286,0.7142857142857143,0.6938775510204082,0.4195731958391368,0.6805555555555556
144,0.7956730769230769,0.7619047619047619,0.815934065934066,0.7847222222222222,0.7619047619047619,0.7619047619047619,0.7613636363636364,0.7619047619047619,0.7597402597402597,0.5802919799991053,0.7847222222222221
406,0.8411764705882353,0.8333333333333334,0.8392156862745098,0.8295454545454546,0.8333333333333334,0.8333333333333334,0.8309373202990225,0.8333333333333334,0.8318957255127467,0.6706210705911764,0.8295454545454546
570,0.9080882352941176,0.9024390243902439,0.9056671449067432,0.8983253588516746,0.9024390243902439,0.9024390243902439,0.9009661835748792,0.9024390243902439,0.901849888064098,0.8063544946651592,0.8983253588516746
401,0.9038461538461539,0.8780487804878049,0.901500938086304,0.875,0.8780487804878049,0.8780487804878049,0.8753799392097263,0.8780487804878049,0.8758247460894062,0.7783117824941562,0.875
136,0.7804232804232805,0.7560975609756098,0.778552071234998,0.7523809523809524,0.7560975609756098,0.7560975609756098,0.7487745098039216,0.7560975609756099,0.7498206599713055,0.5320657650442036,0.7523809523809524
117,0.7445054945054945,0.7073170731707317,0.7469847225944787,0.7119047619047619,0.7073170731707317,0.7073170731707317,0.6985294117647058,0.7073170731707317,0.697274031563845,0.4552444556393538,0.7119047619047619
105,0.9565217391304348,0.95,0.9543478260869565,0.9473684210526316,0.95,0.95,0.9494949494949494,0.9500000000000001,0.9497474747474748,0.9038438130805211,0.9473684210526316
404,0.90625,0.9,0.903125,0.893939393939394,0.9,0.9,0.8976982097186701,0.9,0.89923273657289,0.8000946913656627,0.893939393939394
42,0.90625,0.9,0.903125,0.893939393939394,0.9,0.9,0.8976982097186701,0.9,0.89923273657289,0.8000946913656627,0.893939393939394
358,0.8504273504273505,0.825,0.8431623931623932,0.8106060606060606,0.825,0.825,0.815668202764977,0.825,0.819815668202765,0.659832884433199,0.8106060606060607
383,0.7771428571428571,0.7948717948717948,0.7948717948717948,0.7771428571428571,0.7948717948717948,0.7948717948717948,0.7771428571428571,0.7948717948717948,0.7948717948717948,0.5542857142857143,0.7771428571428571
701,0.8041666666666667,0.8205128205128205,0.8241452991452991,0.8128571428571428,0.8205128205128205,0.8205128205128205,0.8078817733990148,0.8205128205128205,0.8217759252242011,0.6169626059518171,0.8128571428571427
419,0.8197368421052631,0.8205128205128205,0.8220647773279353,0.8214285714285714,0.8205128205128205,0.8205128205128205,0.8200395517468688,0.8205128205128205,0.8207494548957964,0.6411631816970699,0.8214285714285714
216,0.8452380952380952,0.8421052631578947,0.843358395989975,0.8295454545454546,0.8421052631578947,0.8421052631578947,0.8347826086956521,0.8421052631578947,0.840274599542334,0.6746010525388914,0.8295454545454546
44,0.7840909090909092,0.7894736842105263,0.7894736842105263,0.7840909090909092,0.7894736842105263,0.7894736842105263,0.7840909090909092,0.7894736842105263,0.7894736842105263,0.5681818181818182,0.7840909090909092
177,0.8130434782608695,0.8157894736842105,0.8151029748283753,0.8068181818181819,0.8157894736842105,0.8157894736842105,0.8093189964157707,0.8157894736842104,0.8148651197887191,0.6198303988351637,0.8068181818181819
160,0.8434343434343434,0.8157894736842105,0.8330675172780435,0.7897727272727273,0.8157894736842105,0.8157894736842105,0.7989417989417988,0.8157894736842104,0.808131439710387,0.6309291761714246,0.7897727272727273
373,0.7766666666666666,0.7567567567567568,0.7720720720720721,0.7441176470588236,0.7567567567567568,0.7567567567567568,0.7448275862068965,0.7567567567567567,0.7493010251630942,0.519766161600674,0.7441176470588236
475,0.8571428571428572,0.7837837837837838,0.8455598455598455,0.7647058823529411,0.7837837837837838,0.7837837837837838,0.7628205128205128,0.7837837837837838,0.7685377685377685,0.6149400462680908,0.7647058823529411
36,0.95,0.9444444444444444,0.9500000000000001,0.9444444444444444,0.9444444444444444,0.9444444444444444,0.9442724458204335,0.9444444444444444,0.9442724458204333,0.8944271909999159,0.9444444444444444
623,0.8585526315789473,0.8571428571428571,0.8580827067669172,0.8562091503267973,0.8571428571428571,0.8571428571428571,0.8566748566748568,0.8571428571428571,0.856908856908857,0.7147579401228756,0.8562091503267972
440,0.8913043478260869,0.8571428571428571,0.8881987577639752,0.8529411764705883,0.8571428571428571,0.8571428571428571,0.8528174936921784,0.8571428571428571,0.8535383876006248,0.7432561251138006,0.8529411764705882
71,0.7613636363636364,0.7647058823529411,0.7633689839572192,0.7464285714285714,0.7647058823529411,0.7647058823529411,0.7509157509157509,0.7647058823529412,0.7612583494936436,0.5075725269652309,0.7464285714285714
184,0.7803030303030303,0.7647058823529411,0.7771836007130125,0.7569444444444444,0.7647058823529411,0.7647058823529411,0.7571428571428571,0.7647058823529412,0.7596638655462185,0.5367394391967351,0.7569444444444444
482,0.7277777777777777,0.7272727272727273,0.7276094276094276,0.7261029411764706,0.7272727272727273,0.7272727272727273,0.7262672811059907,0.7272727272727273,0.7267700041893589,0.4538776288392989,0.7261029411764706
212,0.823076923076923,0.8181818181818182,0.820979020979021,0.8111111111111111,0.8181818181818182,0.8181818181818182,0.8139097744360901,0.8181818181818182,0.816473000683527,0.6340751391209737,0.8111111111111111
353,0.8166666666666667,0.8181818181818182,0.8181818181818182,0.8166666666666667,0.8181818181818182,0.8181818181818182,0.8166666666666668,0.8181818181818182,0.8181818181818182,0.6333333333333333,0.8166666666666668
351,0.8865384615384615,0.8787878787878788,0.8832167832167831,0.8722222222222222,0.8787878787878788,0.8787878787878788,0.8759398496240601,0.8787878787878788,0.8776486671223513,0.7586256128768792,0.8722222222222222
382,0.746031746031746,0.75,0.75,0.746031746031746,0.75,0.75,0.746031746031746,0.75,0.75,0.49206349206349204,0.746031746031746
82,0.7909090909090909,0.75,0.7909090909090909,0.75,0.75,0.75,0.7408906882591093,0.75,0.7408906882591093,0.5393598899705937,0.75
512,0.8809523809523809,0.875,0.8809523809523809,0.875,0.875,0.875,0.8745098039215686,0.875,0.8745098039215686,0.7559289460184544,0.875
159,0.6449579831932774,0.6451612903225806,0.6450257522363785,0.64375,0.6451612903225806,0.6451612903225806,0.6436781609195403,0.6451612903225806,0.6444197256210604,0.28870545602072445,0.64375
452,0.8080808080808081,0.7741935483870968,0.8002606712284132,0.7563025210084033,0.7741935483870968,0.7741935483870968,0.758082497212932,0.7741935483870968,0.7641241414032438,0.5620031593698284,0.7563025210084032
279,0.6833333333333333,0.6774193548387096,0.6817204301075269,0.6617647058823529,0.6774193548387096,0.6774193548387096,0.6600877192982455,0.6774193548387096,0.6675155631013016,0.3444233600968322,0.6617647058823529
607,0.6267942583732058,0.6,0.6401913875598085,0.6199095022624435,0.6,0.6,0.5982142857142857,0.6,0.5946428571428571,0.2466076755599205,0.6199095022624435
507,0.775,0.7666666666666667,0.7716666666666666,0.748868778280543,0.7666666666666667,0.7666666666666667,0.7532314923619271,0.7666666666666667,0.7609087348217781,0.5232166435699436,0.748868778280543
441,0.8194444444444444,0.7931034482758621,0.8122605363984675,0.7764423076923077,0.7931034482758621,0.7931034482758621,0.7803030303030304,0.7931034482758621,0.7857889237199582,0.5943331032399572,0.7764423076923077
409,0.7211538461538461,0.7241379310344828,0.7241379310344828,0.7211538461538461,0.7241379310344828,0.7241379310344828,0.7211538461538461,0.7241379310344829,0.7241379310344828,0.4423076923076923,0.7211538461538461
19,0.8095238095238095,0.7241379310344828,0.8292282430213465,0.75,0.7241379310344828,0.7241379310344828,0.7156862745098039,0.7241379310344829,0.7106152805949967,0.5563486402641867,0.75
290,0.7608695652173914,0.6071428571428571,0.7950310559006211,0.65625,0.6071428571428571,0.6071428571428571,0.5809523809523809,0.6071428571428571,0.5659863945578231,0.4037864265436241,0.65625
178,0.65,0.6071428571428571,0.6821428571428572,0.6443850267379679,0.6071428571428571,0.6071428571428571,0.6066411238825031,0.6071428571428571,0.6036307243203796,0.29433147307547786,0.6443850267379679
237,0.7982954545454546,0.7777777777777778,0.8106060606060607,0.7916666666666666,0.7777777777777778,0.7777777777777778,0.7774725274725274,0.7777777777777778,0.7765567765567765,0.5899248796553368,0.7916666666666667
23,0.7608695652173914,0.5925925925925926,0.78743961352657,0.6333333333333333,0.5925925925925926,0.5925925925925926,0.5533834586466165,0.5925925925925926,0.5386800334168755,0.3730019232961255,0.6333333333333333
505,0.7785714285714285,0.7407407407407407,0.7698412698412698,0.7166666666666667,0.7407407407407407,0.7407407407407407,0.7157894736842105,0.7407407407407407,0.7251461988304093,0.4913538149119954,0.7166666666666667
494,1.0,1.0,1.0,1.0,1.0,1.0,1.0,1.0,1.0,1.0,1.0
187,0.9411764705882353,0.9259259259259259,0.934640522875817,0.9166666666666667,0.9259259259259259,0.9259259259259259,0.9232954545454546,0.9259259259259259,0.9248737373737372,0.8574929257125441,0.9166666666666667
218,0.7222222222222222,0.6666666666666666,0.7530864197530863,0.7045454545454546,0.6666666666666666,0.6666666666666666,0.6648275862068966,0.6666666666666666,0.6602298850574713,0.42640143271122083,0.7045454545454546
601,0.80625,0.8076923076923077,0.8072115384615385,0.796969696969697,0.8076923076923077,0.8076923076923077,0.8003072196620584,0.8076923076923077,0.8062152900862579,0.6031483057987304,0.796969696969697
201,0.6369047619047619,0.56,0.6414285714285713,0.5737179487179487,0.56,0.56,0.5098039215686274,0.56,0.5035294117647059,0.200921260371701,0.5737179487179487
227,0.7881944444444444,0.76,0.7922222222222223,0.766025641025641,0.76,0.76,0.7564935064935066,0.76,0.7553246753246754,0.5537765319092597,0.7660256410256411
193,0.7904411764705883,0.76,0.7870588235294119,0.7532051282051282,0.76,0.76,0.7500000000000001,0.76,0.7520000000000002,0.5423695984263261,0.7532051282051281
711,0.9333333333333333,0.92,0.9306666666666666,0.9166666666666667,0.92,0.92,0.9188311688311688,0.92,0.9192207792207792,0.8498365855987975,0.9166666666666667
712,0.7061403508771931,0.64,0.7112280701754387,0.6506410256410257,0.64,0.64,0.6179966044142615,0.64,0.6143293718166383,0.35243832868824726,0.6506410256410255
124,0.9,0.875,0.9,0.875,0.875,0.875,0.873015873015873,0.875,0.873015873015873,0.7745966692414834,0.875
445,0.7352941176470589,0.6086956521739131,0.8158567774936062,0.7,0.6086956521739131,0.6086956521739131,0.6057142857142856,0.6086956521739131,0.5952795031055901,0.4338609156373123,0.7
710,0.75,0.6521739130434783,0.8260869565217391,0.7333333333333334,0.6521739130434783,0.6521739130434783,0.6515151515151515,0.6521739130434783,0.6469038208168643,0.48304589153964794,0.7333333333333334
320,0.9,0.8695652173913043,0.8956521739130435,0.8636363636363636,0.8695652173913043,0.8695652173913043,0.8654970760233919,0.8695652173913043,0.86651411136537,0.7627700713964738,0.8636363636363636
602,0.8636363636363636,0.8636363636363636,0.8677685950413223,0.8666666666666667,0.8636363636363636,0.8636363636363636,0.8633540372670807,0.8636363636363636,0.8639186900056466,0.7302967433402214,0.8666666666666666
194,0.7857142857142857,0.7272727272727273,0.8441558441558441,0.7857142857142857,0.7272727272727273,0.7272727272727273,0.7272727272727273,0.7272727272727273,0.7272727272727273,0.5714285714285714,0.7857142857142857
503,0.7222222222222222,0.5454545454545454,0.797979797979798,0.6428571428571428,0.5454545454545454,0.5454545454545454,0.5299145299145299,0.5454545454545454,0.5066045066045066,0.3563483225498992,0.6428571428571428
140,0.6952380952380952,0.6363636363636364,0.7246753246753247,0.6752136752136753,0.6363636363636364,0.6363636363636364,0.6333333333333333,0.6363636363636364,0.6272727272727273,0.369910174006524,0.6752136752136753
930,0.9090909090909092,0.9090909090909091,0.9256198347107438,0.9230769230769231,0.9090909090909091,0.9090909090909091,0.9083333333333333,0.9090909090909091,0.9098484848484848,0.8320502943378437,0.9230769230769231
135,0.68125,0.6190476190476191,0.6869047619047619,0.6318181818181818,0.6190476190476191,0.6190476190476191,0.5961538461538463,0.6190476190476191,0.5915750915750916,0.3091410387156351,0.6318181818181818
301,0.8571428571428572,0.8095238095238095,0.8639455782312925,0.8181818181818181,0.8095238095238095,0.8095238095238095,0.8055555555555556,0.8095238095238095,0.8042328042328041,0.674199862463242,0.8181818181818181
246,0.8125,0.8,0.8125,0.8,0.8,0.8,0.797979797979798,0.8000000000000002,0.7979797979797979,0.6123724356957946,0.7999999999999999
