precision_macro,precision_micro,precision_weighted,recall_macro,recall_micro,recall_weighted,f1_macro,f1_micro,f1_weighted,matthews,roc_auc
0.6801914196335468,0.6726726726726727,0.6810834743577184,0.6746120534103213,0.6726726726726727,0.6726726726726727,0.670664985074356,0.6726726726726727,0.6701244537978861,0.35475960192296124,0.6746120534103213
0.7741702288156902,0.7571669477234402,0.770918235164167,0.7489270141314521,0.7571669477234402,0.7571669477234402,0.748675566857385,0.7571669477234402,0.7514021570437328,0.5224878043469601,0.7489270141314522
0.7491003787878787,0.7387580299785867,0.7507202647459608,0.7414188693098385,0.7387580299785867,0.7387580299785867,0.7372823520731888,0.7387580299785867,0.736734243136898,0.4904590983624309,0.7414188693098386
0.7332944321048074,0.7268817204301076,0.7350815812600516,0.729586544161233,0.7268817204301076,0.7268817204301076,0.7262689984750232,0.7268817204301077,0.7257955315097309,0.46286612509018255,0.7295865441612329
0.7642349931636748,0.7325842696629213,0.7713502720902008,0.743062317429406,0.7325842696629213,0.7325842696629213,0.7291650684055748,0.7325842696629213,0.7271819316763138,0.5068552842155483,0.7430623174294061
0.767640608875129,0.7426636568848759,0.7782743607125635,0.756141975308642,0.7426636568848759,0.7426636568848759,0.7415561287153033,0.7426636568848759,0.7399139317742129,0.5236563538431791,0.756141975308642
0.7629513554055503,0.743073047858942,0.7675386571470753,0.7498345719230377,0.743073047858942,0.743073047858942,0.741060466543892,0.743073047858942,0.7398529177548618,0.51261813980517,0.7498345719230377
0.7620414074232997,0.751269035532995,0.7623176220871537,0.751777983920841,0.751269035532995,0.751269035532995,0.7489336246358718,0.751269035532995,0.7488107082728653,0.5137168763621383,0.751777983920841
0.6796327683615819,0.6632124352331606,0.6845970551213373,0.6714940668824163,0.6632124352331606,0.6632124352331606,0.6611657303370786,0.6632124352331606,0.6593919194271409,0.3510324998724462,0.6714940668824164
0.7262396694214877,0.6925133689839572,0.7372773677464975,0.7086015298022803,0.6925133689839572,0.6925133689839572,0.6894741782003798,0.6925133689839572,0.6865171277082504,0.43448333060445243,0.7086015298022803
0.8020334928229664,0.7694444444444445,0.8122175704412545,0.7825174825174825,0.7694444444444445,0.7694444444444445,0.7674907206387002,0.7694444444444445,0.7657146080880235,0.5842251005504868,0.7825174825174827
0.7085380835380835,0.6864406779661016,0.7144307250239454,0.6959595959595959,0.6864406779661016,0.6864406779661016,0.6836919510251395,0.6864406779661016,0.6816928768862579,0.4043020583292216,0.695959595959596
0.6743831168831169,0.6666666666666666,0.6787445887445888,0.6723684210526315,0.6666666666666666,0.6666666666666666,0.6664004600051112,0.6666666666666666,0.6657083226850669,0.3467456849933643,0.6723684210526315
0.7244431110777769,0.7027027027027027,0.7394941630297514,0.7199074074074074,0.7027027027027027,0.7027027027027027,0.7024343572015272,0.7027027027027027,0.7012268024462376,0.44432736880622914,0.7199074074074074
0.6975101069256054,0.6807228915662651,0.7051406593616693,0.6912663276133328,0.6807228915662651,0.6807228915662651,0.6797816196542312,0.6807228915662651,0.6782128331341747,0.38872629351860033,0.6912663276133328
0.7651650978634394,0.75,0.7732892574331391,0.7597416852658154,0.75,0.75,0.7496161010403889,0.75,0.7487301803643633,0.5248787646408439,0.7597416852658153
0.7756177991287709,0.7376543209876543,0.7996921999011865,0.7647841051314143,0.7376543209876543,0.7376543209876543,0.7370908153621445,0.7376543209876544,0.7351373291937106,0.5402932992388542,0.7647841051314143
0.7202319141571478,0.6708074534161491,0.7435453390349774,0.7012175838077166,0.6708074534161491,0.6708074534161491,0.6682993197278911,0.6708074534161491,0.6638205095702877,0.42102034936116683,0.7012175838077166
0.7301994301994302,0.7115987460815048,0.7418642660021971,0.7253566021196909,0.7115987460815048,0.7115987460815048,0.7112554112554113,0.7115987460815048,0.7101005577494606,0.4555302905389828,0.7253566021196909
0.6952880889888764,0.6772151898734177,0.7051990336650957,0.6899696048632218,0.6772151898734177,0.6772151898734177,0.6765803732691149,0.6772151898734177,0.6750386758015227,0.38522098125471077,0.6899696048632219
0.8025608465608466,0.7802547770700637,0.8130168166346511,0.7926629544710121,0.7802547770700637,0.7802547770700637,0.7796087765876285,0.7802547770700637,0.7784687757362725,0.5951415000207864,0.792662954471012
0.7744360902255639,0.7631578947368421,0.7845271072417886,0.773570019723866,0.7631578947368421,0.7631578947368421,0.7631476431632256,0.7631578947368421,0.7629733664117443,0.5480054255787917,0.773570019723866
0.8209448818897638,0.8112582781456954,0.8221557073577723,0.812960687960688,0.8112582781456954,0.8112582781456954,0.8103412183378689,0.8112582781456954,0.8100792012499185,0.6338552864295831,0.812960687960688
0.7013688066319645,0.6891891891891891,0.7020852547168336,0.6907762557077626,0.6891891891891891,0.6891891891891891,0.6855136733185514,0.6891891891891891,0.6850542338347215,0.39200197420720556,0.6907762557077625
0.7222705524140931,0.7157534246575342,0.722270552414093,0.7157534246575342,0.7157534246575342,0.7157534246575342,0.7136544618910905,0.7157534246575342,0.7136544618910904,0.4379754919347088,0.7157534246575342
0.7611788617886179,0.7526132404181185,0.7638947905158494,0.756374695863747,0.7526132404181185,0.7526132404181185,0.7520231706278218,0.7526132404181185,0.7514752486796892,0.5175312599528515,0.756374695863747
0.8548492970844046,0.8333333333333334,0.8510840034279672,0.8270976200080677,0.8333333333333334,0.8333333333333334,0.8285714285714286,0.8333333333333334,0.8299898682877407,0.6813820089724838,0.8270976200080679
0.7534044298605413,0.7445255474452555,0.7550187721178662,0.74708046712526,0.7445255474452555,0.7445255474452555,0.7434182363013697,0.7445255474452555,0.7429260980151984,0.5004449416331541,0.7470804671252599
0.6669821690278457,0.6410256410256411,0.6694412085227913,0.6469213410702772,0.6410256410256411,0.6410256410256411,0.6318932305998899,0.6410256410256411,0.6299817958596164,0.3132618343073078,0.6469213410702772
0.7467153284671533,0.7453183520599251,0.7517045299215397,0.7487263670327182,0.7453183520599251,0.7453183520599251,0.7450286484664644,0.7453183520599251,0.7458333806705219,0.49543761399764075,0.7487263670327182
0.708535760408339,0.6984732824427481,0.7082003444761527,0.6976107226107227,0.6984732824427481,0.6984732824427481,0.6941920423149093,0.6984732824427481,0.6944682513554149,0.4059995187409383,0.6976107226107227
0.8084619093539055,0.810077519379845,0.8112315265412302,0.8102382251318421,0.810077519379845,0.810077519379845,0.8090418863193511,0.8100775193798451,0.8103500543957644,0.6186975845394413,0.8102382251318422
0.7965209359605911,0.7898832684824902,0.7979289260317034,0.7918484848484848,0.7898832684824902,0.7898832684824902,0.7893442622950819,0.7898832684824902,0.7890540281941699,0.5883508677173958,0.7918484848484849
0.7607594936708861,0.7509881422924901,0.7587431830689949,0.7452380952380953,0.7509881422924901,0.7509881422924901,0.7452409494126109,0.7509881422924901,0.7472070943452012,0.5057594746244434,0.7452380952380953
0.8271191174416981,0.805668016194332,0.8281740896341916,0.8072131147540984,0.805668016194332,0.805668016194332,0.8029517351416036,0.805668016194332,0.8026707405499419,0.6340198197686749,0.8072131147540984
0.7672450275074059,0.7676348547717843,0.7674662808196205,0.7629424011103401,0.7676348547717843,0.7676348547717843,0.7642208245981831,0.7676348547717842,0.7666930533445839,0.53016996979307,0.76294240111034
0.7718115942028986,0.7689075630252101,0.7708945317257339,0.7655575221238937,0.7689075630252101,0.7689075630252101,0.7663292811367572,0.7689075630252101,0.7675668564432147,0.5373327216578834,0.7655575221238938
0.7568789905746427,0.7489361702127659,0.7554773163931351,0.7451399970985058,0.7489361702127659,0.7489361702127659,0.7447768062586286,0.7489361702127659,0.7460246154448698,0.5018817191495821,0.7451399970985056
0.7755292652552928,0.7649572649572649,0.7733419548488042,0.7592836739178203,0.7649572649572649,0.7649572649572649,0.7595785619547553,0.7649572649572649,0.7614226886984728,0.5345661424642227,0.7592836739178203
0.8890029325513196,0.8888888888888888,0.8889214727924405,0.8883196721311475,0.8888888888888888,0.8888888888888888,0.8885959129861569,0.8888888888888888,0.8888400595717669,0.7773223043921571,0.8883196721311476
0.7979108849830404,0.7896995708154506,0.7960675287413365,0.7853714370107813,0.7896995708154506,0.7896995708154506,0.7861544512914646,0.7896995708154506,0.7874543284502594,0.5831475194108736,0.7853714370107813
0.7702380952380952,0.7682403433476395,0.7699775189045575,0.7676492262343405,0.7682403433476395,0.7682403433476395,0.7675166297117517,0.7682403433476395,0.7676836405508027,0.5378810912814028,0.7676492262343405
0.7290588676415448,0.7241379310344828,0.7321903727551298,0.72782874617737,0.7241379310344828,0.7241379310344828,0.7240559024680344,0.7241379310344829,0.7237688024854655,0.45688595783009706,0.7278287461773699
0.7644599303135888,0.7631578947368421,0.7643152596939504,0.7628318584070797,0.7631578947368421,0.7631578947368421,0.7627014108395651,0.7631578947368421,0.7627927076190205,0.5272892752883461,0.7628318584070797
0.8331050228310503,0.8009049773755657,0.8317444575301143,0.7987794888597641,0.8009049773755657,0.8009049773755657,0.7951634647792384,0.8009049773755657,0.7956289928275893,0.6309514987955294,0.7987794888597642
0.8089047921007337,0.8009259259259259,0.8063515549247953,0.7939655172413793,0.8009259259259259,0.8009259259259259,0.7961682796760814,0.8009259259259259,0.7984750172517636,0.6026851814612101,0.7939655172413794
0.6966911764705883,0.6976744186046512,0.6972469220246238,0.6951537258989057,0.6976744186046512,0.6976744186046512,0.6955404021698873,0.6976744186046512,0.6970816362616611,0.39184188617183063,0.6951537258989058
0.715242281741975,0.676056338028169,0.7206985523856696,0.6861297736916548,0.676056338028169,0.676056338028169,0.6675864564720784,0.676056338028169,0.6648462006745195,0.4003148620249278,0.6861297736916548
0.7669169447534298,0.7582938388625592,0.7671500016693992,0.7587151841868822,0.7582938388625592,0.7582938388625592,0.7565219358780007,0.7582938388625592,0.7564234968233029,0.5255681364941504,0.7587151841868822
0.8342139414163886,0.8325358851674641,0.8335573107102877,0.8307798165137614,0.8325358851674641,0.8325358851674641,0.8315486470926885,0.8325358851674641,0.8321039685097499,0.6649848907097184,0.8307798165137614
0.7966401414677277,0.803921568627451,0.8058632825367106,0.8006571741511501,0.803921568627451,0.803921568627451,0.7983193277310924,0.8039215686274509,0.8045806557917284,0.5972838074935043,0.80065717415115
0.750049691910157,0.7438423645320197,0.7502499282771937,0.7442244224422442,0.7438423645320197,0.7438423645320197,0.7424360726137029,0.7438423645320196,0.7423423198191484,0.49423978629252097,0.7442244224422443
0.7416943521594684,0.7286432160804021,0.7392610895006595,0.7211246200607903,0.7286432160804021,0.7286432160804021,0.7199812382739212,0.7286432160804021,0.7227035741559581,0.46236164110834843,0.7211246200607904
0.8339743589743589,0.8232323232323232,0.831928256928257,0.8194685743484926,0.8232323232323232,0.8232323232323232,0.8203685943129682,0.8232323232323232,0.8212849875671617,0.6532819064706757,0.8194685743484926
0.8402061855670103,0.8402061855670103,0.8415347008183655,0.8411125319693095,0.8402061855670103,0.8402061855670103,0.8400999707532371,0.8402061855670103,0.8403124003807836,0.6813181146876505,0.8411125319693094
0.7459677419354839,0.746031746031746,0.746031746031746,0.7459677419354839,0.746031746031746,0.746031746031746,0.7459677419354839,0.746031746031746,0.746031746031746,0.49193548387096775,0.7459677419354839
0.7738264580369844,0.7659574468085106,0.7722526557912897,0.7619047619047619,0.7659574468085106,0.7659574468085106,0.762080073630925,0.7659574468085105,0.763372531356787,0.5355985559928281,0.7619047619047619
0.7893905489008819,0.7752808988764045,0.7909582877924904,0.7776935707970191,0.7752808988764045,0.7752808988764045,0.7734504263713884,0.7752808988764045,0.7729928082451345,0.5669634728241151,0.7776935707970191
0.766941270263088,0.7570621468926554,0.7666590095953612,0.756511746680286,0.7570621468926554,0.7570621468926554,0.7545234639574263,0.7570621468926554,0.7546645018982723,0.5233491052681335,0.756511746680286
0.8389473684210527,0.8295454545454546,0.8420813397129188,0.8333333333333333,0.8295454545454546,0.8295454545454546,0.829192546583851,0.8295454545454547,0.8288396386222474,0.6722572606981672,0.8333333333333333
0.7558139534883721,0.7558139534883721,0.7558139534883721,0.7558139534883721,0.7558139534883721,0.7558139534883721,0.755813953488372,0.755813953488372,0.7558139534883719,0.5116279069767442,0.7558139534883721
0.7419642857142856,0.7093023255813954,0.7495016611295681,0.7209239130434782,0.7093023255813954,0.7093023255813954,0.7053179824561403,0.7093023255813953,0.7029273765809873,0.46240976121518107,0.7209239130434782
0.8035922897196262,0.7777777777777778,0.8089953271028038,0.7851851851851852,0.7777777777777778,0.7777777777777778,0.7755595468361425,0.7777777777777778,0.7743851892788063,0.5884896714964026,0.7851851851851852
0.784009009009009,0.7543859649122807,0.7869132290184923,0.7589676889375685,0.7543859649122807,0.7543859649122807,0.7498606854276957,0.7543859649122807,0.7488769290180034,0.5423989553843632,0.7589676889375685
0.7851772287862513,0.7239263803680982,0.7974273984698821,0.7413636363636363,0.7239263803680982,0.7239263803680982,0.7167188043100452,0.7239263803680982,0.7131150162810187,0.524714829018408,0.7413636363636363
0.7065988282454517,0.6993865030674846,0.7080412932810451,0.7019288728149488,0.6993865030674846,0.6993865030674846,0.6982507839359251,0.6993865030674846,0.6976829243701452,0.4085010086278528,0.7019288728149488
0.7555555555555555,0.7469135802469136,0.7632373113854596,0.7548868708634755,0.7469135802469136,0.7469135802469136,0.7469039362877721,0.7469135802469135,0.7467496329415064,0.5104419884270204,0.7548868708634754
0.7897574123989218,0.7469135802469136,0.8034674386875645,0.7647375711867015,0.7469135802469136,0.7469135802469136,0.7440955499903679,0.7469135802469135,0.7414432862195014,0.5539302251794318,0.7647375711867016
0.8304098360655737,0.8012422360248447,0.8401323694124834,0.8130630630630631,0.8012422360248447,0.8012422360248447,0.799937868903386,0.8012422360248448,0.7986335017819275,0.6432390390666693,0.813063063063063
0.7685050798258346,0.7025316455696202,0.8076004482739616,0.7472848788638262,0.7025316455696202,0.7025316455696202,0.7010827999838989,0.7025316455696202,0.6968679764618003,0.5153532619050877,0.7472848788638262
0.6648692810457516,0.6624203821656051,0.6658111652304234,0.6639051332033787,0.6624203821656051,0.6624203821656051,0.6622011123289896,0.6624203821656051,0.6619270250332202,0.3287730005395773,0.6639051332033788
0.8056653491436101,0.7961783439490446,0.8121564579609443,0.8032679738562092,0.7961783439490446,0.7961783439490446,0.796103896103896,0.7961783439490446,0.7957812887749193,0.6089286037388402,0.8032679738562092
0.694320987654321,0.6923076923076923,0.6990186767964547,0.6956089478044739,0.6923076923076923,0.6923076923076923,0.6921052631578948,0.6923076923076923,0.6928137651821863,0.38992780835117613,0.6956089478044739
0.76497277676951,0.7581699346405228,0.7629503101906219,0.7507729302645139,0.7581699346405228,0.7581699346405228,0.7520693732755223,0.7581699346405228,0.7548654639011476,0.5155501902659524,0.7507729302645139
0.80800883179446,0.7755102040816326,0.8151426769021539,0.7851170568561873,0.7755102040816326,0.7755102040816326,0.7728188076616869,0.7755102040816326,0.7713048971754675,0.5926839684248222,0.7851170568561873
0.7237334910309481,0.7054794520547946,0.7294378782109961,0.7139894419306184,0.7054794520547946,0.7054794520547946,0.703798065581505,0.7054794520547946,0.7022695324239692,0.437614464509123,0.7139894419306185
0.7984824595979503,0.7862068965517242,0.7998464110475311,0.7882565664255805,0.7862068965517242,0.7862068965517242,0.7847325319668599,0.7862068965517242,0.7843639408206438,0.5866499090325241,0.7882565664255805
0.8130511463844797,0.8055555555555556,0.8155496766607878,0.808695652173913,0.8055555555555556,0.8055555555555556,0.8052173913043477,0.8055555555555556,0.80487922705314,0.621731542699735,0.8086956521739131
0.8547391477499005,0.8461538461538461,0.856998437643599,0.8489032510771641,0.8461538461538461,0.8461538461538461,0.8457843137254901,0.8461538461538461,0.8455203619909502,0.703618197417556,0.8489032510771641
0.7907905803195963,0.7785714285714286,0.7938453682566382,0.7827642608873441,0.7785714285714286,0.7785714285714286,0.7776525436753933,0.7785714285714285,0.777039953744703,0.5734986783492095,0.7827642608873441
0.843640350877193,0.8321167883211679,0.8451434242540659,0.8341151385927505,0.8321167883211679,0.8321167883211679,0.8312175263806311,0.8321167883211679,0.83094774779847,0.6776885522403187,0.8341151385927505
0.8372641509433962,0.8175182481751825,0.839175044759675,0.8201492537313433,0.8175182481751825,0.8175182481751825,0.815592526786195,0.8175182481751826,0.8151798722028406,0.6571905849443171,0.8201492537313433
0.8196078431372549,0.7941176470588235,0.8241061130334486,0.800216684723727,0.7941176470588235,0.7941176470588235,0.7919125683060109,0.7941176470588235,0.7909675345548055,0.6195211282220087,0.800216684723727
0.7319125683060109,0.7279411764705882,0.7330472516875602,0.7296536796536797,0.7279411764705882,0.7279411764705882,0.7275729521953331,0.7279411764705882,0.7272783727751292,0.4615607204665958,0.7296536796536796
0.8162878787878788,0.7867647058823529,0.8177640374331551,0.7889898334414882,0.7867647058823529,0.7867647058823529,0.7825199889716018,0.7867647058823529,0.7820731766652069,0.6046618275051625,0.7889898334414882
0.787548449612403,0.7686567164179104,0.7855598461182458,0.764659977703456,0.7686567164179104,0.7686567164179104,0.7628318584070797,0.7686567164179104,0.7639413551710474,0.5517338715833275,0.764659977703456
0.7737455197132617,0.7761194029850746,0.7770689562937998,0.7752252252252252,0.7761194029850746,0.7761194029850746,0.7743094543004716,0.7761194029850746,0.7764210610991751,0.5489687507225844,0.7752252252252252
0.7798346513299784,0.6691729323308271,0.7839332335151322,0.676131221719457,0.6691729323308271,0.6691729323308271,0.6380504700643246,0.6691729323308271,0.6356564345053628,0.44401630158446825,0.676131221719457
0.7898617511520738,0.7878787878787878,0.7908532327887167,0.7890625,0.7878787878787878,0.7878787878787878,0.7878300803673937,0.7878787878787878,0.7877326653446055,0.5789236994367956,0.7890625
0.772280701754386,0.7651515151515151,0.7738649654439128,0.7674632352941176,0.7651515151515151,0.7651515151515151,0.7644892086330934,0.765151515151515,0.764110747765424,0.5397224375524176,0.7674632352941176
0.7848009299622203,0.7153846153846154,0.7971967004225069,0.7333333333333334,0.7153846153846154,0.7153846153846154,0.7061877710585791,0.7153846153846155,0.7021891430907374,0.5155717227487095,0.7333333333333333
0.7011904761904761,0.6511627906976745,0.7358250276854928,0.6911764705882353,0.6511627906976745,0.6511627906976745,0.6504065040650406,0.6511627906976745,0.6470032142181887,0.39223913702771485,0.6911764705882353
0.7494652406417113,0.7131782945736435,0.7574306678273848,0.7253623188405798,0.7131782945736435,0.7131782945736435,0.7086969789441563,0.7131782945736435,0.7061762389025696,0.4742154156125221,0.7253623188405797
0.8276931025574787,0.796875,0.8420748837509686,0.8134420558438349,0.796875,0.796875,0.7960784313725491,0.796875,0.7946844362745098,0.6409767538732143,0.8134420558438349
0.7513562386980108,0.7265625,0.7612737341772151,0.7396551724137931,0.7265625,0.7265625,0.7252039501932159,0.7265625,0.7233925504508372,0.49087196995735793,0.7396551724137932
0.7473684210526316,0.6875,0.7611842105263158,0.7083743842364532,0.6875,0.6875,0.6796796796796797,0.6875,0.6749874874874875,0.45407154685747836,0.7083743842364532
0.7234472049689441,0.6377952755905512,0.7580085098058394,0.6844871794871795,0.6377952755905512,0.6377952755905512,0.6311868686868687,0.6377952755905512,0.6222460828760041,0.40606967189887094,0.6844871794871795
0.8372093023255813,0.776,0.8489302325581396,0.791044776119403,0.776,0.776,0.7707023060796645,0.776,0.7681928721174004,0.6265556827632446,0.791044776119403
0.7200372043582248,0.717741935483871,0.7195271446083683,0.715625,0.717741935483871,0.717741935483871,0.7155031137332022,0.7177419354838711,0.7163172307334453,0.4356398613062961,0.715625
0.7859420674993356,0.782258064516129,0.7851234001697341,0.7802083333333334,0.782258064516129,0.782258064516129,0.7805309734513275,0.7822580645161291,0.7811590065658007,0.5661213656589066,0.7802083333333334
0.8672602739726027,0.8536585365853658,0.8678516538590042,0.8544420941300899,0.8536585365853658,0.8536585365853658,0.8524786780383795,0.8536585365853658,0.8523714181704717,0.7215885270641154,0.8544420941300898
0.7963176064441887,0.7642276422764228,0.8027355992777419,0.773209549071618,0.7642276422764228,0.7642276422764228,0.761133061005826,0.7642276422764228,0.7595857703705277,0.5690581679884684,0.7732095490716181
0.7230603448275862,0.7213114754098361,0.7248092142453363,0.7230603448275862,0.7213114754098361,0.7213114754098361,0.7213114754098361,0.7213114754098362,0.7213114754098361,0.44612068965517243,0.7230603448275862
0.7885714285714286,0.7666666666666667,0.8104761904761906,0.7885714285714286,0.7666666666666667,0.7666666666666667,0.7666666666666667,0.7666666666666667,0.7666666666666667,0.5771428571428572,0.7885714285714285
0.8292721518987342,0.7815126050420168,0.8402935857887459,0.795596590909091,0.7815126050420168,0.7815126050420168,0.7779850746268655,0.7815126050420168,0.7758685563777749,0.6239606576782423,0.7955965909090909
0.8816091954022989,0.8813559322033898,0.8818624586012078,0.8816091954022989,0.8813559322033898,0.8813559322033898,0.8813559322033899,0.8813559322033898,0.8813559322033899,0.7632183908045977,0.8816091954022989
0.8115384615384615,0.8034188034188035,0.8171597633136094,0.8095238095238095,0.8034188034188035,0.8034188034188035,0.8033613445378152,0.8034188034188035,0.8031027795733677,0.6210590034081188,0.8095238095238095
0.80625,0.7280701754385965,0.8334429824561403,0.7615384615384615,0.7280701754385965,0.7280701754385965,0.7232793046746535,0.7280701754385965,0.7181690425264476,0.566025278043848,0.7615384615384615
0.825,0.7522123893805309,0.8389380530973453,0.7704918032786885,0.7522123893805309,0.7522123893805309,0.7450032237266281,0.7522123893805309,0.7415883557853057,0.5929918585126571,0.7704918032786885
0.8461791831357048,0.8303571428571429,0.8509257952192735,0.8361048928685642,0.8303571428571429,0.8303571428571429,0.8296918767507002,0.8303571428571429,0.8291216486594638,0.6822096958007945,0.8361048928685642
0.7998619737750172,0.7889908256880734,0.8030593702711772,0.7931848852901484,0.7889908256880734,0.7889908256880734,0.7883495145631068,0.7889908256880734,0.7878150886256345,0.5930092693511828,0.7931848852901484
0.8494721514379323,0.8425925925925926,0.8462969704323909,0.8333333333333333,0.8425925925925926,0.8425925925925926,0.8375652481642042,0.8425925925925926,0.8407404130663443,0.6826147292462342,0.8333333333333333
0.8714285714285714,0.8317757009345794,0.8750333778371162,0.8363636363636364,0.8317757009345794,0.8317757009345794,0.8284034212401996,0.8317757009345794,0.8277289653013237,0.7069230932288602,0.8363636363636364
0.8184587813620072,0.8037383177570093,0.8262519679764176,0.8126319493314567,0.8037383177570093,0.8037383177570093,0.8034636578325899,0.8037383177570093,0.802845673002646,0.6310638306825214,0.8126319493314568
0.764218540080609,0.6886792452830188,0.7799558931634403,0.7119252873563219,0.6886792452830188,0.6886792452830188,0.678344827586207,0.6886792452830188,0.6729056603773585,0.4732635208061188,0.7119252873563218
0.7282726289217454,0.7264150943396226,0.7279630398247249,0.7254273504273505,0.7264150943396226,0.7264150943396226,0.7252167694645572,0.7264150943396227,0.7255591480002902,0.45369105749580224,0.7254273504273504
0.7361111111111112,0.7238095238095238,0.7451322751322752,0.7338591342626559,0.7238095238095238,0.7238095238095238,0.723709282279285,0.7238095238095238,0.7231579538629715,0.46996484989513077,0.7338591342626559
0.8311819281968535,0.7980769230769231,0.835595928879511,0.804074074074074,0.7980769230769231,0.7980769230769231,0.7948717948717949,0.7980769230769231,0.7938856015779093,0.6346773610789178,0.804074074074074
0.7619047619047619,0.7307692307692307,0.7637362637362636,0.733999260081391,0.7307692307692307,0.7307692307692307,0.7242424242424241,0.7307692307692306,0.7234265734265732,0.4951182505119648,0.7339992600813909
0.7956709956709958,0.7766990291262136,0.7900306812928172,0.7604881769641495,0.7766990291262136,0.7766990291262136,0.7638791986444733,0.7766990291262136,0.7697549542819376,0.5550452184948992,0.7604881769641495
0.8128799392097263,0.8058252427184466,0.8215023460324018,0.8140732265446224,0.8058252427184466,0.8058252427184466,0.8058069381598792,0.8058252427184465,0.8060082883041192,0.6269520301544101,0.8140732265446224
0.7620232172470979,0.7572815533980582,0.7600347775684684,0.7421455938697318,0.7572815533980582,0.7572815533980582,0.745679012345679,0.7572815533980582,0.7525350593311759,0.5037768059288013,0.7421455938697318
0.744705429341548,0.7450980392156863,0.7450980392156863,0.744705429341548,0.7450980392156863,0.7450980392156863,0.7447054293415478,0.7450980392156863,0.7450980392156863,0.48941085868309586,0.7447054293415479
0.8116627265563435,0.8118811881188119,0.8118187705295352,0.8109276729559749,0.8118811881188119,0.8118811881188119,0.811214953271028,0.8118811881188119,0.8117701489775146,0.6225899655962284,0.8109276729559749
0.7394957983193278,0.74,0.7410084033613444,0.7402649538338016,0.74,0.74,0.7395833333333333,0.74,0.7402083333333331,0.4797601355952066,0.7402649538338018
0.7340379637618637,0.7272727272727273,0.7325672601772688,0.7219721767594107,0.7272727272727273,0.7272727272727273,0.7217074440395628,0.7272727272727273,0.7236950451942643,0.45585048540310225,0.7219721767594108
0.8153846153846154,0.797979797979798,0.8178710178710178,0.8014705882352942,0.797979797979798,0.797979797979798,0.7962962962962963,0.7979797979797979,0.7957351290684623,0.6166982585360915,0.801470588235294
0.821236559139785,0.7959183673469388,0.8231841123546193,0.7987500000000001,0.7959183673469388,0.7959183673469388,0.7928118393234672,0.7959183673469388,0.7922940846528885,0.6195786376014291,0.7987500000000001
0.7790356394129978,0.7755102040816326,0.7807983570786806,0.7776387150604922,0.7755102040816326,0.7755102040816326,0.7754166666666666,0.7755102040816326,0.7752295918367347,0.5566726017425596,0.7776387150604922
0.8903318903318904,0.875,0.8831770081770083,0.8598669623059867,0.875,0.875,0.8680714612918004,0.875,0.8724805313788365,0.7495800201843454,0.8598669623059867
0.8955503512880563,0.875,0.8908079625292741,0.8679738562091504,0.875,0.875,0.8714285714285714,0.875,0.8727678571428571,0.7630260495903141,0.8679738562091502
0.8345238095238094,0.8210526315789474,0.8307518796992482,0.8130570409982174,0.8210526315789474,0.8210526315789474,0.8158284867145627,0.8210526315789475,0.818114050092731,0.6472249499300073,0.8130570409982175
0.7302631578947368,0.7340425531914894,0.7327827547592386,0.7254947077772664,0.7340425531914894,0.7340425531914894,0.7270932528161653,0.7340425531914893,0.7326526931164247,0.45573291959806567,0.7254947077772665
0.7838577291381669,0.7872340425531915,0.7889221992607038,0.786470317533364,0.7872340425531915,0.7872340425531915,0.7847985347985349,0.7872340425531915,0.7877211441041229,0.5703220626997006,0.786470317533364
0.7852822580645161,0.776595744680851,0.7818076527110502,0.7604693971468017,0.776595744680851,0.776595744680851,0.7648600357355568,0.776595744680851,0.7715661551328679,0.5451872990990998,0.7604693971468017
0.7439516129032258,0.7021276595744681,0.7578929306794785,0.7216117216117216,0.7021276595744681,0.7021276595744681,0.6987179487179487,0.7021276595744681,0.6953082378614294,0.4650270397533466,0.7216117216117216
0.7872235872235873,0.782608695652174,0.7856852900331163,0.7774086378737541,0.782608695652174,0.782608695652174,0.7788461538461537,0.782608695652174,0.7807274247491638,0.5645469124772847,0.7774086378737541
0.842948717948718,0.8351648351648352,0.8435474781628628,0.8359903381642513,0.8351648351648352,0.8351648351648352,0.8344451182534869,0.8351648351648353,0.834325165434929,0.6789033973006355,0.8359903381642513
0.7722473604826546,0.7555555555555555,0.7945031003854534,0.7761346251912289,0.7555555555555555,0.7555555555555555,0.7554347826086956,0.7555555555555555,0.7564009661835749,0.5483682078537349,0.776134625191229
0.7757575757575758,0.75,0.7827823691460055,0.7597301504929943,0.75,0.75,0.7479166666666667,0.75,0.7463541666666668,0.5352478179352006,0.7597301504929943
0.6885638297872341,0.6896551724137931,0.6893433602347763,0.6879639448568399,0.6896551724137931,0.6896551724137931,0.6881720430107527,0.6896551724137931,0.6894079841799531,0.37652729677473423,0.68796394485684
0.8221941992433797,0.7816091954022989,0.8163963415517965,0.7709437963944856,0.7816091954022989,0.7816091954022989,0.7694239084949086,0.781609195402299,0.7724702302217562,0.5909196883478586,0.7709437963944857
0.8200231481481481,0.813953488372093,0.8172642118863049,0.8031798245614035,0.813953488372093,0.813953488372093,0.8072829131652661,0.8139534883720931,0.811452022669533,0.6229753186479978,0.8031798245614036
0.8546218487394958,0.8488372093023255,0.8524526089505571,0.8440217391304348,0.8488372093023255,0.8488372093023255,0.8463230240549828,0.8488372093023255,0.8476943978262607,0.6985631686168727,0.8440217391304348
0.780328798185941,0.7764705882352941,0.779438442043484,0.7741130820399114,0.7764705882352941,0.7764705882352941,0.7744728389889679,0.7764705882352941,0.7752219949563403,0.5544070376728369,0.7741130820399114
0.7786330049261083,0.7411764705882353,0.7855694001738626,0.7513888888888889,0.7411764705882353,0.7411764705882353,0.7367680180180181,0.7411764705882353,0.7347641759406466,0.5293212314507956,0.7513888888888889
0.6629411764705883,0.6547619047619048,0.6639635854341737,0.6571185479296653,0.6547619047619048,0.6547619047619048,0.6523476523476524,0.6547619047619048,0.6516578659435803,0.3200067564599859,0.6571185479296654
0.695906432748538,0.6666666666666666,0.6978557504873295,0.6710153148043108,0.6666666666666666,0.6666666666666666,0.6571428571428571,0.6666666666666666,0.6557823129251701,0.3660764962063573,0.6710153148043109
0.7664884135472371,0.7619047619047619,0.7649605296664119,0.7555555555555555,0.7619047619047619,0.7619047619047619,0.7569444444444444,0.7619047619047619,0.759424603174603,0.5219294763593365,0.7555555555555554
0.8509615384615384,0.8452380952380952,0.8480998168498168,0.8358251868890167,0.8452380952380952,0.8452380952380952,0.8401405357927096,0.8452380952380952,0.8435389087563,0.6866199072112692,0.8358251868890167
0.7204545454545455,0.7108433734939759,0.7179627601314349,0.6985380116959065,0.7108433734939759,0.7108433734939759,0.6981818181818181,0.7108433734939759,0.7033953997809419,0.4184189628774981,0.6985380116959066
0.7886029411764706,0.7831325301204819,0.7865875265768958,0.775438596491228,0.7831325301204819,0.7831325301204819,0.7776785714285714,0.783132530120482,0.7806153184165232,0.5638878933294721,0.775438596491228
0.7552083333333333,0.7349397590361446,0.7605421686746988,0.7427156177156178,0.7349397590361446,0.7349397590361446,0.7330409356725146,0.7349397590361445,0.7316846332699217,0.4977672077233424,0.7427156177156178
0.8725490196078431,0.8433734939759037,0.8832978974722419,0.8555555555555556,0.8433734939759037,0.8433734939759037,0.842550707719247,0.8433734939759037,0.8415907904198143,0.7279062402214841,0.8555555555555556
0.7806451612903226,0.7195121951219512,0.7748229740361919,0.7075134168157424,0.7195121951219512,0.7195121951219512,0.6955609362389024,0.7195121951219512,0.6997263725663891,0.48264950567532944,0.7075134168157424
0.7426952892069172,0.7439024390243902,0.7445060139331268,0.743421052631579,0.7439024390243902,0.7439024390243902,0.7429467084639498,0.7439024390243903,0.7440935851364784,0.4861158000619739,0.743421052631579
0.8771929824561404,0.8292682926829268,0.8712023962344886,0.8205128205128205,0.8292682926829268,0.8292682926829268,0.820625,0.8292682926829268,0.8225457317073172,0.695399702860622,0.8205128205128205
0.7731250000000001,0.7439024390243902,0.7926067073170733,0.7656534954407295,0.7439024390243902,0.7439024390243902,0.7435591958302309,0.7439024390243903,0.7421862230535933,0.5387266874482802,0.7656534954407295
0.8134469696969697,0.7901234567901234,0.8305508791619903,0.8083850931677019,0.7901234567901234,0.7901234567901234,0.7899954247369224,0.7901234567901234,0.7892912484443164,0.6218114600202663,0.8083850931677018
0.7872549019607843,0.7407407407407407,0.8249092229484386,0.7802933673469388,0.7407407407407407,0.7407407407407407,0.7405825834985511,0.7407407407407407,0.7392382469399397,0.5675055726863059,0.7802933673469388
0.8734335839598997,0.875,0.8765664160401002,0.8762626262626263,0.875,0.875,0.8742928975487115,0.875,0.8752357008170961,0.7496908723878578,0.8762626262626262
0.8368347338935574,0.810126582278481,0.8356735099102932,0.8083333333333333,0.810126582278481,0.810126582278481,0.805642119074955,0.810126582278481,0.8060158243419155,0.6445382107644104,0.8083333333333332
0.8486928104575163,0.8481012658227848,0.8483163729626872,0.8446382428940569,0.8481012658227848,0.8481012658227848,0.8461038961038961,0.8481012658227848,0.8476574058852542,0.6933191977894997,0.8446382428940569
0.6700680272108843,0.6708860759493671,0.67036941358822,0.661498708010336,0.6708860759493671,0.6708860759493671,0.661725955204216,0.6708860759493671,0.6666583279131434,0.3314559799938718,0.661498708010336
0.8108843537414966,0.7974683544303798,0.808766038060794,0.7933247753530167,0.7974683544303798,0.7974683544303798,0.7934640522875818,0.7974683544303798,0.794556134690163,0.6039539161955728,0.7933247753530167
0.7048748353096179,0.6962025316455697,0.7068761361551675,0.6996148908857509,0.6962025316455697,0.6962025316455697,0.6949806949806949,0.6962025316455697,0.6942475929817702,0.4044555248507088,0.699614890885751
0.6684969114619079,0.6666666666666666,0.6680393502630977,0.6618325642715887,0.6666666666666666,0.6666666666666666,0.661096256684492,0.6666666666666666,0.6633244206773617,0.33026224279335,0.6618325642715887
0.8821428571428571,0.8589743589743589,0.8779304029304029,0.8526697429136454,0.8589743589743589,0.8589743589743589,0.8549450549450549,0.8589743589743589,0.8561848408002254,0.7342212832242262,0.8526697429136454
0.8416666666666667,0.8205128205128205,0.8440170940170941,0.8236842105263158,0.8205128205128205,0.8205128205128205,0.8186046511627907,0.8205128205128205,0.8181276088252832,0.6651078266361264,0.8236842105263158
0.7418867924528302,0.6923076923076923,0.7560522496371553,0.7129568106312292,0.6923076923076923,0.6923076923076923,0.6871657754010695,0.6923076923076923,0.6830522418757712,0.45392263593953014,0.7129568106312292
0.8163120567375887,0.8051948051948052,0.8143501888182739,0.8013513513513514,0.8051948051948052,0.8051948051948052,0.8018528049408131,0.8051948051948051,0.8028554050170108,0.6174821964934621,0.8013513513513513
0.8060344827586207,0.7922077922077922,0.8038513210927004,0.7878378378378379,0.7922077922077922,0.7922077922077922,0.7878787878787878,0.7922077922077922,0.7890594254230618,0.5935934764502132,0.7878378378378378
0.8060344827586207,0.7922077922077922,0.8038513210927004,0.7878378378378379,0.7922077922077922,0.7922077922077922,0.7878787878787878,0.7922077922077922,0.7890594254230618,0.5935934764502132,0.7878378378378378
0.7153846153846153,0.7105263157894737,0.7137651821862349,0.696078431372549,0.7105263157894737,0.7105263157894737,0.6971014492753624,0.7105263157894737,0.7038138825324181,0.41100986619007174,0.696078431372549
0.7929292929292929,0.7631578947368421,0.7854864433811802,0.7436974789915967,0.7631578947368421,0.7631578947368421,0.7455357142857144,0.7631578947368421,0.7525845864661656,0.5343636597286893,0.7436974789915967
0.8193548387096774,0.8157894736842105,0.8178268251273345,0.8104529616724738,0.8157894736842105,0.8157894736842105,0.8125440451021847,0.8157894736842104,0.8144913022514002,0.629744886448011,0.8104529616724738
0.851063829787234,0.8133333333333334,0.8689361702127659,0.8333333333333333,0.8133333333333334,0.8133333333333334,0.8125,0.8133333333333334,0.811,0.6841674549282352,0.8333333333333333
0.8419913419913421,0.8266666666666667,0.8641269841269842,0.8475073313782991,0.8266666666666667,0.8266666666666667,0.8265433196940046,0.8266666666666667,0.8273450750163078,0.6894766090590586,0.8475073313782991
0.7807346326836582,0.7466666666666667,0.8067866066966517,0.7745601173020528,0.7466666666666667,0.7466666666666667,0.7464863903220067,0.7466666666666667,0.7453145940817173,0.5552604206329634,0.7745601173020529
0.78,0.72,0.8111999999999998,0.7565982404692082,0.72,0.72,0.7181964573268921,0.72,0.7142887815351583,0.5360877067472385,0.7565982404692082
0.8438449848024316,0.8133333333333334,0.8518743667679838,0.8232142857142857,0.8133333333333334,0.8133333333333334,0.8116929698708752,0.8133333333333334,0.8105212816834052,0.6667401627601486,0.8232142857142858
0.7787063953488372,0.76,0.8008139534883721,0.781158357771261,0.76,0.76,0.7599573257467994,0.76,0.7605120910384068,0.5598593838335726,0.781158357771261
0.7868916797488226,0.7333333333333333,0.81716378859236,0.7679618768328447,0.7333333333333333,0.7333333333333333,0.7321428571428572,0.7333333333333333,0.729047619047619,0.554530550838173,0.7679618768328447
0.8012917933130699,0.76,0.8295440729483283,0.7906891495601174,0.76,0.76,0.7596153846153846,0.76,0.757948717948718,0.5918859862088945,0.7906891495601174
0.787037037037037,0.6891891891891891,0.8215715715715716,0.7325581395348837,0.6891891891891891,0.6891891891891891,0.6821661998132587,0.6891891891891891,0.6745047568576981,0.5167312621118983,0.7325581395348837
0.7338435374149659,0.6712328767123288,0.7714099338365482,0.7155172413793103,0.6712328767123288,0.6712328767123288,0.6696832579185521,0.6712328767123288,0.6650344015372218,0.448986922295307,0.7155172413793104
0.6606280193236715,0.6301369863013698,0.6782807226523724,0.6532258064516129,0.6301369863013698,0.6301369863013698,0.6290231507622812,0.6301369863013698,0.6259601030297874,0.3137665233870231,0.6532258064516128
0.8492381716118684,0.8333333333333334,0.851510291365945,0.8362934362934362,0.8333333333333334,0.8333333333333334,0.8321678321678321,0.8333333333333334,0.8317793317793317,0.6854093807825862,0.8362934362934363
0.7191489361702128,0.6944444444444444,0.7213947990543735,0.6988416988416988,0.6944444444444444,0.6944444444444444,0.6884343036978757,0.6944444444444444,0.687232275548562,0.417497050372508,0.6988416988416989
0.8016129032258064,0.7887323943661971,0.8144934120854157,0.8016129032258064,0.7887323943661971,0.7887323943661971,0.7887323943661972,0.7887323943661971,0.7887323943661971,0.603225806451613,0.8016129032258064
0.7339015151515151,0.6857142857142857,0.745021645021645,0.703125,0.6857142857142857,0.6857142857142857,0.6791666666666667,0.6857142857142857,0.6752380952380952,0.4359414881157861,0.703125
0.8813068651778329,0.8714285714285714,0.888715585489779,0.8791118421052632,0.8714285714285714,0.8714285714285714,0.8714023270055113,0.8714285714285714,0.8712448604671507,0.7604155392019588,0.8791118421052632
0.716931216931217,0.6956521739130435,0.7268614370063645,0.7088285229202038,0.6956521739130435,0.6956521739130435,0.6946259220231823,0.6956521739130435,0.6928299812159251,0.4256826311092729,0.7088285229202038
0.7924528301886793,0.6811594202898551,0.8135083401695379,0.7105263157894737,0.6811594202898551,0.6811594202898551,0.6653439153439153,0.6811594202898551,0.6579633463691434,0.4962620955979902,0.7105263157894737
0.8369565217391304,0.782608695652174,0.8534971644612476,0.8026315789473684,0.782608695652174,0.782608695652174,0.7796465829252714,0.782608695652174,0.7770547342892319,0.6386663736585051,0.8026315789473684
0.8288372093023255,0.7941176470588235,0.8404103967168262,0.8081952920662598,0.7941176470588235,0.7941176470588235,0.7925021795989539,0.7941176470588235,0.7908867121390841,0.636697981033972,0.80819529206626
0.8232600732600732,0.8088235294117647,0.8214555052790345,0.8056277056277057,0.8088235294117647,0.8088235294117647,0.8054149240589918,0.8088235294117648,0.8061723919151637,0.6286405475675912,0.8056277056277056
0.8488372093023255,0.8088235294117647,0.8666210670314638,0.8289473684210527,0.8088235294117647,0.8088235294117647,0.8077843009349859,0.8088235294117648,0.8061215353721397,0.6774926774728829,0.8289473684210527
0.7852380952380953,0.7611940298507462,0.7894811656005687,0.7674107142857143,0.7611940298507462,0.7611940298507462,0.7585585585585586,0.7611940298507462,0.7574290708619067,0.552361196280534,0.7674107142857143
0.701688555347092,0.6865671641791045,0.7047128335806895,0.6919642857142857,0.6865671641791045,0.6865671641791045,0.6840332360206602,0.6865671641791045,0.682766271941438,0.3935327151023187,0.6919642857142857
0.8126134301270418,0.8059701492537313,0.8133515724462985,0.8070409982174689,0.8059701492537313,0.8059701492537313,0.805276101050749,0.8059701492537313,0.8051025890000034,0.619629371939045,0.8070409982174688
0.7138523761375126,0.6666666666666666,0.7421638018200202,0.7008547008547008,0.6666666666666666,0.6666666666666666,0.6654377880184332,0.6666666666666666,0.6617511520737327,0.41450334153619106,0.7008547008547008
0.8947368421052632,0.8787878787878788,0.9043062200956938,0.8888888888888888,0.8787878787878788,0.8787878787878788,0.8786764705882353,0.8787878787878788,0.8783422459893048,0.7836039099693788,0.8888888888888888
0.8244047619047619,0.7878787878787878,0.8365800865800866,0.8027777777777778,0.7878787878787878,0.7878787878787878,0.7861111111111111,0.7878787878787878,0.7843434343434343,0.6268095497359717,0.8027777777777778
0.7743055555555556,0.696969696969697,0.7897727272727273,0.7194444444444444,0.696969696969697,0.696969696969697,0.6866096866096866,0.696969696969697,0.6814296814296815,0.49069269506245383,0.7194444444444446
0.8131407269338304,0.803030303030303,0.8207235448614759,0.8111111111111111,0.803030303030303,0.803030303030303,0.8029850746268656,0.803030303030303,0.8027137042062414,0.6242485386143087,0.8111111111111111
0.7750965250965252,0.7538461538461538,0.8105138105138106,0.785,0.7538461538461538,0.7538461538461538,0.7533206831119545,0.7538461538461538,0.7559480367829514,0.5600089629729498,0.785
0.7785714285714286,0.7692307692307693,0.8028571428571428,0.7884615384615384,0.7692307692307693,0.7692307692307693,0.7683535281539557,0.7692307692307693,0.7712045616535994,0.5669467095138409,0.7884615384615384
0.8399014778325123,0.828125,0.8634544334975369,0.8491902834008097,0.828125,0.828125,0.8277465133349645,0.828125,0.8292604599951064,0.6890291528598453,0.8491902834008097
0.8061538461538462,0.78125,0.8168269230769232,0.7940886699507389,0.78125,0.78125,0.7803921568627451,0.78125,0.7791053921568627,0.6001212458018388,0.7940886699507388
0.7017738359201774,0.6666666666666666,0.7147080561714708,0.6857142857142857,0.6666666666666666,0.6666666666666666,0.6636155606407321,0.6666666666666666,0.6600559369438087,0.38715518239459085,0.6857142857142857
0.7234848484848485,0.6774193548387096,0.72702834799609,0.684375,0.6774193548387096,0.6774193548387096,0.6648648648648648,0.6774193548387096,0.662772449869224,0.40598038839034545,0.6843750000000001
0.8500557413600892,0.8225806451612904,0.8534901283849391,0.8270833333333334,0.8225806451612904,0.8225806451612904,0.8202898550724638,0.8225806451612904,0.8196353436185133,0.6767492851463655,0.8270833333333334
0.8255813953488372,0.7580645161290323,0.8424606151537886,0.7794117647058824,0.7580645161290323,0.7580645161290323,0.7528567632208345,0.7580645161290323,0.7493849279487026,0.6032288860120084,0.7794117647058824
0.8696581196581197,0.8548387096774194,0.8755858836503997,0.8615464994775339,0.8548387096774194,0.8548387096774194,0.8544980443285528,0.8548387096774194,0.8540438238633973,0.7311596246124112,0.861546499477534
0.8205128205128205,0.7741935483870968,0.8552522746071133,0.8108108108108107,0.7741935483870968,0.7741935483870968,0.7739583333333334,0.7741935483870968,0.7725470430107528,0.6312490779996422,0.8108108108108107
0.7847608453837598,0.7833333333333333,0.7876158694846126,0.7857142857142857,0.7833333333333333,0.7833333333333333,0.783273131425396,0.7833333333333333,0.7835139390571456,0.5704743343506947,0.7857142857142857
0.7619047619047619,0.7333333333333333,0.7571428571428572,0.7209821428571428,0.7333333333333333,0.7333333333333333,0.7179788484136309,0.7333333333333333,0.7223658441049745,0.48114977090383854,0.7209821428571428
0.7869047619047619,0.7627118644067796,0.8066989507667472,0.7835294117647059,0.7627118644067796,0.7627118644067796,0.7626436781609196,0.7627118644067796,0.7620300019481785,0.5704241873390369,0.7835294117647059
0.6835664335664335,0.6779661016949152,0.6859665757970843,0.6814516129032258,0.6779661016949152,0.6779661016949152,0.6775956284153006,0.6779661016949152,0.6770399184958786,0.3650119200547961,0.6814516129032258
0.85,0.7931034482758621,0.8551724137931034,0.8,0.7931034482758621,0.7931034482758621,0.7867647058823528,0.7931034482758621,0.785496957403651,0.648074069840786,0.8
0.7064935064935065,0.7017543859649122,0.7053998632946001,0.6962962962962963,0.7017543859649122,0.7017543859649122,0.6957613814756671,0.7017543859649122,0.6980087581591341,0.40266070349072075,0.6962962962962963
0.7402597402597402,0.7017543859649122,0.7787650945545682,0.7402597402597402,0.7017543859649122,0.7017543859649122,0.7017543859649122,0.7017543859649122,0.7017543859649122,0.4805194805194805,0.7402597402597403
0.6523809523809523,0.625,0.6680272108843537,0.6458333333333333,0.625,0.625,0.6239206907579149,0.625,0.6210425327790213,0.29814239699997197,0.6458333333333334
0.7285714285714285,0.6964285714285714,0.7469387755102039,0.71875,0.6964285714285714,0.6964285714285714,0.6955548448992643,0.6964285714285714,0.6932249074877791,0.4472135954999579,0.71875
0.8354531001589824,0.7962962962962963,0.8315374197727139,0.7898351648351649,0.7962962962962963,0.7962962962962963,0.7874776386404294,0.7962962962962963,0.7890810309414961,0.6236220155800972,0.7898351648351648
0.7948717948717949,0.7037037037037037,0.8252611585944919,0.7419354838709677,0.7037037037037037,0.7037037037037037,0.697054698457223,0.7037037037037037,0.6904056932107423,0.5341907912804504,0.7419354838709677
0.8676470588235294,0.8333333333333334,0.8774509803921569,0.8448275862068966,0.8333333333333334,0.8333333333333334,0.8318920788654445,0.8333333333333334,0.8307390752911336,0.7121091148698563,0.8448275862068966
0.7833333333333333,0.7547169811320755,0.7943396226415095,0.7686781609195402,0.7547169811320755,0.7547169811320755,0.753311851056212,0.7547169811320754,0.7515554384613826,0.5518169222747815,0.7686781609195401
0.8104395604395604,0.7547169811320755,0.8037528509226621,0.7421428571428572,0.7547169811320755,0.7547169811320755,0.736318407960199,0.7547169811320754,0.7402609593541725,0.5483455922500257,0.7421428571428572
0.8297213622291022,0.8113207547169812,0.826041240726678,0.8042857142857143,0.8113207547169812,0.8113207547169812,0.8057184750733137,0.8113207547169812,0.8075859016212028,0.6334966463088533,0.8042857142857144
0.7886996904024768,0.7735849056603774,0.7856767334540569,0.7664285714285715,0.7735849056603774,0.7735849056603774,0.7668621700879765,0.7735849056603775,0.7691030819454435,0.5546813358525875,0.7664285714285715
0.8484848484848485,0.8076923076923077,0.865967365967366,0.8275862068965517,0.8076923076923077,0.8076923076923077,0.8065476190476191,0.8076923076923077,0.8048305860805862,0.675747969811441,0.8275862068965517
0.65625,0.6346153846153846,0.6670673076923077,0.6499250374812594,0.6346153846153846,0.6346153846153846,0.6333951762523192,0.6346153846153846,0.6309547595261882,0.30610969998643806,0.6499250374812593
0.8928571428571428,0.8823529411764706,0.8916900093370681,0.8807692307692307,0.8823529411764706,0.8823529411764706,0.8812111801242236,0.8823529411764706,0.881439532334673,0.7735319310485175,0.8807692307692307
0.8459677419354839,0.8235294117647058,0.8520872865275142,0.8310185185185186,0.8235294117647058,0.8235294117647058,0.8224371373307544,0.8235294117647058,0.8216179315052908,0.6768211858110855,0.8310185185185186
0.6987179487179487,0.6274509803921569,0.7066365007541479,0.6435185185185185,0.6274509803921569,0.6274509803921569,0.6056166056166055,0.6274509803921569,0.6001580119227178,0.33775556607131696,0.6435185185185184
0.7761904761904762,0.74,0.7725714285714287,0.7323717948717949,0.74,0.74,0.7267759562841531,0.74,0.7291803278688525,0.5066710044155939,0.7323717948717949
0.8344651952461799,0.82,0.8320543293718166,0.8157051282051282,0.82,0.82,0.8164014687882497,0.82,0.8174296205630354,0.6498996148493964,0.8157051282051283
0.875,0.86,0.895,0.8793103448275862,0.86,0.86,0.8599439775910364,0.8599999999999999,0.8603921568627451,0.7542980294561158,0.8793103448275862
0.7837837837837838,0.68,0.8183783783783783,0.7241379310344828,0.68,0.68,0.6715927750410509,0.68,0.6631855500821018,0.5044074153238998,0.7241379310344828
0.6947368421052631,0.673469387755102,0.7044038668098818,0.6868686868686869,0.673469387755102,0.673469387755102,0.6722408026755853,0.673469387755102,0.6701931608763908,0.38152440534867665,0.6868686868686869
0.8076923076923077,0.6938775510204082,0.8116169544740974,0.7,0.6938775510204082,0.6938775510204082,0.6666666666666667,0.6938775510204082,0.664723032069971,0.4961389383568338,0.7
0.8140350877192982,0.7959183673469388,0.8156820622986036,0.7983333333333333,0.7959183673469388,0.7959183673469388,0.7937710437710437,0.7959183673469388,0.7933415790558647,0.6121670834108086,0.7983333333333333
0.8411371237458194,0.8367346938775511,0.8484745068596,0.8434343434343434,0.8367346938775511,0.8367346938775511,0.8366666666666667,0.8367346938775511,0.8370068027210885,0.6845676127738614,0.8434343434343433
0.7275132275132274,0.7291666666666666,0.728615520282187,0.7255244755244755,0.7291666666666666,0.7291666666666666,0.7261956998683633,0.7291666666666665,0.7285724733070059,0.4530333378893933,0.7255244755244754
0.8618881118881119,0.8541666666666666,0.8734702797202797,0.8650793650793651,0.8541666666666666,0.8541666666666666,0.8541033434650456,0.8541666666666666,0.854483282674772,0.7269604724271661,0.865079365079365
0.8787878787878788,0.8333333333333334,0.8737373737373737,0.8260869565217391,0.8333333333333334,0.8333333333333334,0.8257713248638838,0.8333333333333334,0.8272837265577738,0.7029019463944166,0.8260869565217391
0.8088235294117647,0.723404255319149,0.8291614518147684,0.75,0.723404255319149,0.723404255319149,0.7151515151515151,0.723404255319149,0.7099935525467441,0.5557189302262113,0.75
0.7307692307692308,0.5531914893617021,0.7937806873977087,0.6379310344827587,0.5531914893617021,0.5531914893617021,0.5320056899004267,0.5531914893617021,0.5087013104930238,0.35682062007003157,0.6379310344827587
0.7860040567951319,0.7608695652173914,0.7901931387247553,0.7670454545454546,0.7608695652173914,0.7608695652173914,0.7580105212816834,0.7608695652173914,0.7568669037074002,0.5527244642629815,0.7670454545454546
0.8015873015873016,0.782608695652174,0.8053830227743272,0.7878787878787878,0.782608695652174,0.782608695652174,0.7809523809523811,0.782608695652174,0.7801242236024845,0.5893066665856982,0.7878787878787877
0.656989247311828,0.6304347826086957,0.6603085553997196,0.6382575757575758,0.6304347826086957,0.6304347826086957,0.621673923560716,0.6304347826086957,0.6191708209755791,0.29465201681536035,0.6382575757575757
0.8500000000000001,0.8444444444444444,0.851111111111111,0.8458498023715415,0.8444444444444444,0.8444444444444444,0.8441365660564077,0.8444444444444444,0.8439826268623895,0.6958374259266011,0.8458498023715415
0.8166666666666667,0.7777777777777778,0.8192592592592592,0.7816205533596838,0.7777777777777778,0.7777777777777778,0.7722672064777327,0.7777777777777778,0.7714799820062979,0.5972598827888349,0.7816205533596838
0.7666666666666666,0.7333333333333333,0.768888888888889,0.7371541501976284,0.7333333333333333,0.7333333333333333,0.7267206477732793,0.7333333333333333,0.7257759784075573,0.5029556907695452,0.7371541501976283
0.8548387096774194,0.8,0.8580645161290322,0.8043478260869565,0.8,0.8,0.7934727180010199,0.8000000000000002,0.7926568077511474,0.6572499977993862,0.8043478260869565
0.8548387096774194,0.8,0.8580645161290322,0.8043478260869565,0.8,0.8,0.7934727180010199,0.8000000000000002,0.7926568077511474,0.6572499977993862,0.8043478260869565
0.7685185185185186,0.7555555555555555,0.7699588477366256,0.7579051383399209,0.7555555555555555,0.7555555555555555,0.7536087605774018,0.7555555555555555,0.7531220618328632,0.5263166562644551,0.7579051383399209
0.7435897435897436,0.7272727272727273,0.7517482517482518,0.7375,0.7272727272727273,0.7272727272727273,0.7267080745341615,0.7272727272727273,0.72557876905703,0.48105119936474167,0.7375
0.9285714285714286,0.9090909090909091,0.922077922077922,0.9,0.9090909090909091,0.9090909090909091,0.905982905982906,0.9090909090909091,0.9075369075369075,0.8280786712108251,0.9
0.7397435897435898,0.6976744186046512,0.7422182468694097,0.7023809523809523,0.6976744186046512,0.6976744186046512,0.6868347338935574,0.6976744186046512,0.6854797733046708,0.4405430104747368,0.7023809523809524
0.8,0.7142857142857143,0.8285714285714285,0.75,0.7142857142857143,0.7142857142857143,0.7083333333333333,0.7142857142857143,0.7023809523809523,0.5477225575051661,0.75
0.7291666666666667,0.7142857142857143,0.7440476190476191,0.7291666666666667,0.7142857142857143,0.7142857142857143,0.7142857142857143,0.7142857142857143,0.7142857142857143,0.4583333333333333,0.7291666666666667
0.8333333333333333,0.7857142857142857,0.8571428571428571,0.8125,0.7857142857142857,0.7857142857142857,0.7846153846153847,0.7857142857142857,0.7824175824175825,0.6454972243679028,0.8125
0.8580901856763926,0.8333333333333334,0.8488063660477455,0.8125,0.8333333333333334,0.8333333333333334,0.8210590383444918,0.8333333333333334,0.8277541083384053,0.6690386626313092,0.8124999999999999
0.7836538461538461,0.7619047619047619,0.788003663003663,0.7681818181818182,0.7619047619047619,0.7619047619047619,0.7597254004576659,0.7619047619047619,0.7586357197341178,0.5516187241049897,0.7681818181818182
0.7256944444444444,0.6341463414634146,0.7376355013550135,0.6555023923444976,0.6341463414634146,0.6341463414634146,0.6110056925996205,0.6341463414634146,0.6040634979404822,0.3746786679274571,0.6555023923444978
0.8448275862068966,0.7804878048780488,0.8486122792262406,0.7857142857142857,0.7804878048780488,0.7804878048780488,0.7717996289424861,0.7804878048780488,0.7707136069505408,0.6277648205743445,0.7857142857142857
0.8535714285714285,0.8536585365853658,0.8536585365853658,0.8535714285714285,0.8536585365853658,0.8536585365853658,0.8535714285714285,0.8536585365853658,0.8536585365853658,0.7071428571428572,0.8535714285714285
0.9199999999999999,0.9024390243902439,0.9180487804878049,0.9,0.9024390243902439,0.9024390243902439,0.9009661835748792,0.9024390243902439,0.9012607517379521,0.8197560612767678,0.9
0.7916666666666667,0.775,0.7958333333333334,0.7807017543859649,0.775,0.775,0.7737272155876807,0.775,0.7728786926461344,0.5722633835193015,0.7807017543859649
0.86,0.825,0.874,0.8409090909090908,0.825,0.825,0.824010056568196,0.825,0.8226901319924576,0.7006490497453707,0.8409090909090908
0.8585858585858586,0.85,0.8671717171717171,0.8585858585858586,0.85,0.85,0.85,0.85,0.85,0.7171717171717171,0.8585858585858586
0.8229166666666667,0.8,0.834375,0.8131313131313131,0.8,0.8,0.7994987468671679,0.8000000000000002,0.7984962406015038,0.6359727033932191,0.813131313131313
0.7692307692307692,0.6923076923076923,0.834319526627219,0.76,0.6923076923076923,0.6923076923076923,0.6921052631578948,0.6923076923076923,0.6898785425101215,0.5291502622129182,0.76
0.71875,0.5384615384615384,0.7980769230769231,0.64,0.5384615384615384,0.5384615384615384,0.5230978260869565,0.5384615384615384,0.4989548494983278,0.35,0.64
0.8214285714285714,0.7435897435897436,0.8351648351648351,0.7619047619047619,0.7435897435897436,0.7435897435897436,0.735054347826087,0.7435897435897437,0.7313963210702342,0.5802884574739972,0.7619047619047619
0.8920454545454546,0.8947368421052632,0.8947368421052632,0.8920454545454546,0.8947368421052632,0.8947368421052632,0.8920454545454546,0.8947368421052632,0.8947368421052632,0.7840909090909091,0.8920454545454545
0.7178571428571429,0.631578947368421,0.7466165413533835,0.6732954545454546,0.631578947368421,0.631578947368421,0.6221590909090909,0.631578947368421,0.6127392344497608,0.3886059834711895,0.6732954545454546
0.8333333333333333,0.7894736842105263,0.8596491228070174,0.8181818181818181,0.7894736842105263,0.7894736842105263,0.788888888888889,0.7894736842105263,0.7871345029239766,0.6513389472789296,0.8181818181818181
0.7376811594202899,0.7105263157894737,0.7580472921434019,0.7329545454545454,0.7105263157894737,0.7105263157894737,0.7103257103257103,0.7105263157894737,0.7091220775431303,0.4706119694859576,0.7329545454545455
0.9047619047619048,0.8918918918918919,0.9124839124839124,0.9,0.8918918918918919,0.8918918918918919,0.8918128654970761,0.8918918918918919,0.8915757863126285,0.8047478161629564,0.9
0.8695652173913043,0.8378378378378378,0.8801410105757931,0.85,0.8378378378378378,0.8378378378378378,0.8367647058823529,0.8378378378378378,0.835691573926868,0.7192991758286854,0.85
0.9285714285714286,0.9166666666666666,0.9285714285714286,0.9166666666666667,0.9166666666666666,0.9166666666666666,0.916083916083916,0.9166666666666666,0.9160839160839159,0.8451542547285166,0.9166666666666667
0.8863636363636364,0.8571428571428571,0.8896103896103896,0.8611111111111112,0.8571428571428571,0.8571428571428571,0.8552522746071133,0.8571428571428571,0.8547796289731774,0.7470480627649122,0.8611111111111112
0.8269230769230769,0.7428571428571429,0.8318681318681318,0.75,0.7428571428571429,0.7428571428571429,0.7286821705426356,0.7428571428571429,0.7269102990033223,0.5717718748968657,0.75
0.7710622710622711,0.7352941176470589,0.7978883861236803,0.7642857142857142,0.7352941176470589,0.7352941176470589,0.7350649350649352,0.735294117647059,0.7336898395721927,0.5353050940299381,0.7642857142857143
0.7421052631578948,0.7352941176470589,0.7455108359133127,0.7395833333333333,0.7352941176470589,0.7352941176470589,0.7350649350649351,0.735294117647059,0.7346065699006876,0.48168199453544985,0.7395833333333333
0.8365384615384616,0.8181818181818182,0.8391608391608392,0.8216911764705883,0.8181818181818182,0.8181818181818182,0.8166666666666668,0.8181818181818182,0.8161616161616163,0.6580621661208294,0.8216911764705883
0.8409090909090908,0.7878787878787878,0.8553719008264462,0.8055555555555556,0.7878787878787878,0.7878787878787878,0.7847157502329917,0.7878787878787878,0.7823434719986445,0.6454972243679028,0.8055555555555556
0.7045454545454546,0.6666666666666666,0.7148760330578513,0.6833333333333333,0.6666666666666666,0.6666666666666666,0.6616961789375583,0.6666666666666666,0.6579683131407269,0.3872983346207417,0.6833333333333333
0.8409090909090908,0.7878787878787878,0.8553719008264462,0.8055555555555556,0.7878787878787878,0.7878787878787878,0.7847157502329917,0.7878787878787878,0.7823434719986445,0.6454972243679028,0.8055555555555556
0.8333333333333333,0.78125,0.8541666666666666,0.8055555555555556,0.78125,0.78125,0.7793103448275862,0.78125,0.7767241379310346,0.6382847385042254,0.8055555555555556
0.8200000000000001,0.71875,0.8200000000000001,0.71875,0.71875,0.71875,0.6945917285259808,0.71875,0.6945917285259808,0.5291502622129182,0.71875
0.9,0.875,0.9,0.875,0.875,0.875,0.873015873015873,0.875,0.873015873015873,0.7745966692414834,0.875
0.7833333333333333,0.7419354838709677,0.7870967741935483,0.7479166666666667,0.7419354838709677,0.7419354838709677,0.7350427350427351,0.7419354838709677,0.7336641852770885,0.530068129792975,0.7479166666666667
0.7795454545454545,0.7419354838709677,0.7920821114369502,0.7584033613445378,0.7419354838709677,0.7419354838709677,0.7394957983193278,0.7419354838709677,0.7370561127676878,0.5375331993584477,0.7584033613445379
0.8181818181818181,0.7419354838709677,0.8357771260997067,0.7647058823529411,0.7419354838709677,0.7419354838709677,0.7350427350427351,0.7419354838709677,0.7309070857457954,0.5804294924639212,0.7647058823529411
0.7963800904977376,0.8,0.8,0.7963800904977376,0.8,0.8,0.7963800904977376,0.8000000000000002,0.8,0.5927601809954751,0.7963800904977375
0.7102272727272727,0.6333333333333333,0.7321969696969697,0.6674208144796381,0.6333333333333333,0.6333333333333333,0.6228571428571428,0.6333333333333333,0.6144761904761905,0.37521418537061196,0.6674208144796381
0.7232142857142857,0.6551724137931034,0.7389162561576355,0.6802884615384616,0.6551724137931034,0.6551724137931034,0.6446078431372549,0.6551724137931034,0.6382691007437459,0.40121296172898085,0.6802884615384617
0.7826086956521738,0.6551724137931034,0.8050974512743628,0.6875,0.6551724137931034,0.6551724137931034,0.6338383838383839,0.6551724137931034,0.624695228143504,0.4603873605336385,0.6875
0.8995098039215685,0.896551724137931,0.897734956051386,0.8918269230769231,0.896551724137931,0.896551724137931,0.8945454545454545,0.896551724137931,0.8960501567398119,0.7912994305815039,0.8918269230769231
0.9,0.8571428571428571,0.8857142857142858,0.8333333333333333,0.8571428571428571,0.8571428571428571,0.8444444444444446,0.8571428571428571,0.8507936507936508,0.7302967433402214,0.8333333333333333
0.59375,0.6071428571428571,0.6138392857142857,0.5962566844919786,0.6071428571428571,0.6071428571428571,0.5942028985507246,0.6071428571428571,0.6097308488612836,0.1899901489143371,0.5962566844919786
0.9411764705882353,0.9259259259259259,0.934640522875817,0.9166666666666667,0.9259259259259259,0.9259259259259259,0.9232954545454546,0.9259259259259259,0.9248737373737372,0.8574929257125441,0.9166666666666667
0.805921052631579,0.7777777777777778,0.7982456140350878,0.7583333333333333,0.7777777777777778,0.7777777777777778,0.7617647058823529,0.7777777777777778,0.7686274509803921,0.5622440938352591,0.7583333333333334
0.75,0.7037037037037037,0.7654320987654321,0.725,0.7037037037037037,0.7037037037037037,0.7000000000000001,0.7037037037037037,0.6962962962962964,0.4743416490252569,0.725
0.8529411764705883,0.8148148148148148,0.8692810457516339,0.8333333333333333,0.8148148148148148,0.8148148148148148,0.8137931034482759,0.8148148148148148,0.8122605363984674,0.6859943405700353,0.8333333333333333
0.7857142857142857,0.6666666666666666,0.8095238095238095,0.7,0.6666666666666666,0.6666666666666666,0.6493506493506493,0.6666666666666666,0.6406926406926408,0.4780914437337575,0.7
0.9,0.8518518518518519,0.8814814814814815,0.8181818181818181,0.8518518518518519,0.8518518518518519,0.8333333333333334,0.8518518518518519,0.8436213991769548,0.7135060680126758,0.8181818181818181
0.7878787878787878,0.7692307692307693,0.8065268065268065,0.7878787878787878,0.7692307692307693,0.7692307692307693,0.7692307692307692,0.7692307692307693,0.769230769230769,0.5757575757575758,0.7878787878787877
0.8611111111111112,0.8,0.8555555555555556,0.7916666666666667,0.8,0.8,0.7877758913412563,0.8000000000000002,0.7898132427843803,0.6490734136415512,0.7916666666666667
0.6396103896103896,0.64,0.6397402597402597,0.6378205128205128,0.64,0.64,0.6376811594202898,0.64,0.638840579710145,0.2774251285747237,0.6378205128205129
0.7610294117647058,0.72,0.7655882352941177,0.7275641025641025,0.72,0.72,0.7126436781609196,0.72,0.7108045977011495,0.48744609478821715,0.7275641025641025
0.8529411764705883,0.8,0.8588235294117647,0.8076923076923077,0.8,0.8,0.7947454844006568,0.8000000000000002,0.793431855500821,0.6590820436573077,0.8076923076923077
0.90625,0.88,0.9025,0.875,0.88,0.88,0.8768472906403941,0.88,0.8776354679802956,0.7806247497997998,0.875
0.78125,0.75,0.78125,0.75,0.75,0.75,0.7428571428571429,0.75,0.7428571428571429,0.5303300858899107,0.7500000000000001
0.875,0.782608695652174,0.8369565217391305,0.6875,0.782608695652174,0.782608695652174,0.7012987012987013,0.782608695652174,0.748729531338227,0.5303300858899106,0.6875
0.7633928571428572,0.782608695652174,0.7783385093167702,0.7458333333333333,0.782608695652174,0.782608695652174,0.7526881720430108,0.782608695652174,0.7788686302010285,0.5089233500149862,0.7458333333333333
0.8015873015873016,0.782608695652174,0.8053830227743272,0.7878787878787878,0.782608695652174,0.782608695652174,0.7809523809523811,0.782608695652174,0.7801242236024845,0.5893066665856982,0.7878787878787877
0.8303571428571428,0.8181818181818182,0.8262987012987014,0.8083333333333333,0.8181818181818182,0.8181818181818182,0.811965811965812,0.8181818181818182,0.815073815073815,0.6383106423916777,0.8083333333333332
0.861904761904762,0.8636363636363636,0.8632034632034632,0.8392857142857143,0.8636363636363636,0.8636363636363636,0.8482758620689654,0.8636363636363636,0.8614420062695924,0.7008255578851517,0.8392857142857143
0.9117647058823529,0.8636363636363636,0.8877005347593584,0.8125,0.8636363636363636,0.8636363636363636,0.8362282878411911,0.8636363636363636,0.854500338371306,0.7174300539794393,0.8125
0.9333333333333333,0.9090909090909091,0.9212121212121211,0.8888888888888888,0.9090909090909091,0.9090909090909091,0.9017857142857144,0.9090909090909091,0.9066558441558442,0.821020142307163,0.8888888888888888
0.8583333333333334,0.8636363636363636,0.868939393939394,0.8675213675213675,0.8636363636363636,0.8636363636363636,0.8610526315789473,0.8636363636363636,0.8644976076555024,0.725796546409961,0.8675213675213674
0.8928571428571428,0.8571428571428571,0.8877551020408163,0.85,0.8571428571428571,0.8571428571428571,0.851764705882353,0.8571428571428571,0.853109243697479,0.7416198487095663,0.85
0.84375,0.7619047619047619,0.8363095238095238,0.75,0.7619047619047619,0.7619047619047619,0.7407407407407407,0.7619047619047619,0.7442680776014109,0.5863019699779286,0.75
0.65625,0.6,0.65625,0.6,0.6,0.6,0.5604395604395604,0.6,0.5604395604395604,0.25,0.6000000000000001
